row_id,pheno0,pheno2,pheno3,pheno4,pheno5,pheno6,pheno7,pheno8,pheno9,pheno10,pheno11,pheno12,pheno14,pheno15,pheno16,pheno17,pheno18,pheno19,pheno20,pheno21,pheno22,pheno23,pheno24,pheno25,pheno26,pheno28,pheno29,pheno31,pheno32,pheno33,pheno34,pheno35,pheno36,pheno38,pheno39,pheno40,pheno41,pheno42,pheno43,pheno44,pheno45,pheno46,pheno48,pheno49,pheno50,pheno51,pheno52,pheno53,pheno54,pheno55,pheno56,pheno57,pheno59,pheno60,pheno61,pheno62,pheno63,pheno64,pheno65,pheno66,pheno67,pheno68,pheno69,pheno71,pheno72,pheno73,pheno74,pheno75,pheno76,pheno77,pheno78,pheno79,pheno80,pheno81,pheno82,pheno83,pheno84,pheno85,pheno86,pheno87,pheno88,pheno89,pheno90,pheno91,pheno92,pheno93,pheno94,pheno95,pheno96,pheno97,pheno98,pheno99
site-1_prs_pheno0,1.52009,-0.06512,0.11217,0.04779,0.11033,-0.05559,-0.03242,0.15468,0.04696,-0.18117,0.05349,-0.09441,0.06423,-0.14693,-0.02028,-0.06014,-0.00994,-0.04644,0.3086,0.03189,0.00411,-0.08891,-0.10025,0.08751,0.01124,-0.27336,-0.09135,-0.07147,-0.07228,-0.08902,-0.12645,0.04941,-0.0487,0.07318,-0.11002,0.12542,-0.18365,-0.01559,0.04593,-0.07156,-0.05077,-0.04867,-0.0883,0.1412,0.07522,0.02661,-0.03253,-0.12766,-0.07735,-0.08074,0.02311,-0.00247,0.01168,-0.183,0.01114,-0.08664,-0.01343,0.0198,0.01441,0.05665,0.04695,0.00689,0.05706,0.02836,0.15046,-0.0052,0.15983,0.05588,0.15234,-0.01171,-0.02925,-0.19095,0.13498,-0.06229,-0.05066,0.08682,-0.00549,-0.04341,-0.03677,-0.02703,-0.18491,-0.07301,0.0106,-0.2151,-0.15476,0.10576,-0.29189,0.03122,-0.01139,-0.05026,-0.02484,0.03117
site-1_prs_pheno1,-0.14748,-0.0007,-0.06059,0.10453,0.00855,-0.00256,0.21306,0.07962,0.08973,0.24016,0.04547,-0.23536,-0.04526,0.05462,-0.00815,0.01708,0.07942,-0.01201,-0.081,-0.01829,-0.00472,0.0548,-0.03824,-0.0917,-0.07613,0.12183,0.08865,0.0174,0.07238,0.07301,0.11526,-0.01212,0.12886,0.01131,-0.05963,0.29074,-0.04711,-0.12486,0.09257,0.06106,0.00018,0.02287,-0.08598,0.12914,-0.13586,-0.03888,-0.13255,-0.09356,-0.01405,0.14569,0.07375,-0.00446,-0.02128,0.01438,-0.12966,0.11683,-0.09166,0.29936,0.15621,-0.08052,0.03494,0.09607,0.0081,-0.14846,-0.06565,-0.19067,0.13032,-0.03254,-0.15158,0.22181,-0.00228,-0.23841,-0.02691,-0.06848,0.20205,-0.05353,-0.01805,0.09835,0.05208,-0.06774,-0.08762,-0.02805,-0.10756,0.25331,0.05975,0.12462,0.07292,-0.00128,0.08099,-0.01247,0.05514,-0.08407
site-1_prs_pheno2,-0.14664,0.97885,0.16257,-0.03121,-0.03762,0.04238,0.02726,-0.13986,0.10901,-0.26657,0.0385,-0.02291,-0.15867,-0.07816,-0.11888,-0.07581,-0.13012,0.0835,-0.03615,-0.0954,-0.14421,0.05806,0.00653,-0.0942,-0.14692,-0.09217,-0.03868,-0.06498,0.10452,-0.1013,-0.18951,-0.14324,0.03873,0.07881,-0.05513,-0.11637,0.12395,0.07336,-0.01506,0.0166,-0.01283,0.03443,-0.09119,0.04811,0.09566,-0.021,0.04195,-0.15943,0.02536,-0.08434,0.04458,0.01647,0.16558,0.09453,-0.10683,0.00843,0.01522,0.13338,0.01755,-0.08083,0.1857,-0.15244,-0.02027,0.08811,0.06719,0.06156,-0.0373,-0.07571,0.07048,-0.03637,-0.07885,0.00237,-0.13175,-0.21908,0.1939,-0.03284,-0.26276,-0.08714,0.0065,-0.10899,0.02184,-0.00129,0.23809,-0.16237,0.15564,0.21019,-0.13862,0.12817,0.01276,-0.16229,0.05127,-0.19727
site-1_prs_pheno3,-0.0988,0.15726,1.17479,0.0624,-0.00122,-0.03469,-0.14529,-0.11131,0.04273,0.17156,0.08046,0.08479,-0.02729,0.06361,-0.0329,0.03007,0.06017,0.13387,-0.08212,0.16935,0.00544,-0.02098,-0.01454,-0.05834,0.0224,-0.01419,0.10464,0.14274,-0.09189,0.18137,-0.10846,0.04775,-0.01033,0.0662,0.04378,-0.18843,0.09753,0.07988,-0.09214,0.02041,0.07,0.03378,0.03886,0.01985,0.07563,0.13104,-0.04422,-0.1754,0.07847,0.0368,-0.04976,-0.10104,0.14598,0.13186,0.08878,-0.19515,0.10865,-0.09258,-0.03427,-0.12135,0.0599,-0.05964,0.08384,0.0441,0.0712,0.10311,0.07063,0.04767,0.0072,0.15959,0.10224,0.01746,0.12732,-0.09419,0.06897,0.20866,-0.06773,-0.11194,-0.03644,0.02936,0.05299,-0.00169,0.04893,-0.16269,0.04689,0.04843,0.14506,-0.00424,-0.00943,-0.04098,-0.2036,0.05996
site-1_prs_pheno4,0.16499,0.0605,0.12367,1.05205,0.05156,-0.15221,0.1866,0.11799,0.11767,-0.05541,-0.0315,0.00101,0.08227,0.03469,0.0068,-0.07375,0.04965,-0.12719,-0.14283,0.33476,-0.08709,0.143,0.04515,-0.14081,-0.0045,0.09312,0.21737,0.11048,0.09911,-0.02811,0.04577,-0.09222,-0.01155,0.12137,-0.15094,-0.00735,0.01534,0.01727,-0.03784,-0.08434,0.07029,0.06703,0.17361,0.02818,0.10343,-0.03316,-0.12182,-0.08168,-0.21203,-0.06154,0.09534,-0.17726,-0.11967,0.25079,0.07122,0.10214,-0.05096,0.09013,-0.02115,-0.09043,-0.10964,-0.0247,0.00778,-0.23566,-0.01245,-0.08548,-0.09302,-0.08764,0.035,0.06852,-0.0538,-0.11528,-0.34525,-0.07019,0.07982,0.01342,-0.02213,0.06131,-0.02039,-0.03653,-0.03445,0.05268,-0.0588,0.02706,0.02057,-0.08438,-0.03456,0.0481,-0.01037,-0.09621,-0.25808,0.09321
site-1_prs_pheno5,0.3123,-0.05681,0.03516,0.16211,0.66885,0.01393,0.12044,0.15646,-0.11355,0.11462,-0.02169,0.02371,0.0782,-0.04045,0.04817,-0.0185,0.06221,0.00514,0.05336,-0.03589,-0.05703,-0.04144,-0.02669,0.06126,0.12863,0.07071,0.04917,0.0778,-0.15857,-0.02421,0.04289,0.0817,-0.13532,0.08425,0.0194,0.02853,-0.17227,-0.0392,0.14349,-0.12809,0.03876,-0.05409,0.08581,0.04537,-0.04721,0.01283,-0.11764,-0.06564,-0.1156,-0.04548,-0.04406,0.01683,0.06284,0.07009,0.0057,0.10845,-0.04619,0.1354,-0.0232,0.022,-0.02647,-0.0423,0.12435,0.20264,-0.02789,-0.04485,0.03789,0.12027,-0.06971,0.07253,-0.04444,-0.1228,0.08126,-0.13061,-0.05516,0.19147,0.17735,0.18086,-0.00564,0.05557,-0.17111,0.05675,-0.1023,-0.04128,-0.03758,-0.03105,-0.00866,0.06295,0.02956,0.0062,-0.06034,0.18654
site-1_prs_pheno6,0.17018,-0.15414,0.02686,-0.13847,0.03231,0.8941,-0.04138,0.11079,0.01695,0.01249,-0.04231,0.13965,-0.09082,0.03496,0.00836,0.02778,-0.05749,0.0142,0.06541,-0.12595,0.10186,-0.07653,-0.15147,-0.05528,0.01812,-0.03452,0.02208,0.04126,-0.0765,0.11418,0.06635,0.01477,-0.02902,0.00524,-0.03619,0.00608,-0.04151,-0.29521,-0.0449,-0.01717,0.03382,-0.00634,0.15973,0.08123,-0.18677,-0.00876,-0.00517,-0.03396,0.024,-0.03006,-0.03165,-0.17907,0.01853,-0.03603,-0.02112,0.00936,0.1878,-0.12279,0.00993,-0.04947,-0.00645,-0.02031,-0.11605,-0.0371,-0.191,0.07605,0.19422,0.03482,-0.0198,0.09167,-0.1346,-0.09291,0.25776,0.0807,-0.00316,-0.0759,0.13079,0.00744,0.07703,0.06248,-0.00053,0.08912,-0.07097,-0.21306,-0.00136,-0.06061,-0.11586,0.05807,0.04895,0.04175,0.00956,0.02992
site-1_prs_pheno7,-0.11762,-0.05351,-0.14566,0.1594,0.08516,0.10818,0.74493,0.08946,0.13786,-0.05607,0.10146,-0.13941,-0.07437,0.0884,0.00889,-0.00403,-0.01623,-0.09456,-0.15607,0.09736,-0.02612,0.10698,0.07502,-0.02011,-0.03709,0.06889,0.03567,0.22684,0.12657,-0.07103,-0.03158,-0.04043,0.03032,-0.10845,-0.06692,-0.25959,-0.08631,0.04691,0.09155,0.18256,0.04495,-0.01139,0.19083,0.12949,0.01422,-0.01329,-0.13253,-0.05435,-0.00438,0.02923,0.17449,-0.13497,0.05892,0.20304,-0.23803,0.16396,-0.05215,0.19646,0.06525,-0.04212,-0.02868,0.05189,-0.03656,-0.09451,0.07714,-0.03106,0.08728,-0.02537,-0.02887,0.1203,-0.01892,-0.39828,-0.14556,-0.01389,0.10676,0.02808,-0.09227,-0.02592,0.20593,0.08847,0.07216,-0.10658,-0.01313,0.08598,0.09,0.01515,-0.13467,0.02126,0.00966,-0.14332,0.05768,-0.00815
site-1_prs_pheno8,0.13846,0.02424,0.00108,0.29518,0.03822,-0.00487,0.06568,0.91967,0.16135,-0.22567,-0.03911,-0.17332,-0.04682,-0.09458,0.01073,0.12268,-0.04927,0.17289,-0.06952,0.02853,-0.12323,0.05993,0.06985,-0.07474,-0.00567,-0.01973,0.01499,-0.03788,0.02366,-0.11456,0.04094,-0.04681,0.07871,0.14748,0.0837,-0.11448,0.01014,-0.11504,-0.09203,-0.09686,0.10809,-0.09709,0.09556,-0.03722,0.12681,0.04079,0.00628,0.08802,-0.12198,-0.10626,-0.0781,-0.0526,-0.1889,0.03653,0.13998,0.18645,-0.01345,-0.10138,0.05038,-0.00135,0.10366,-0.05879,-0.07393,0.10659,-0.07215,0.10527,0.02305,-0.04915,0.0088,-0.06332,0.07935,-0.27585,0.06633,0.03541,-0.13216,-0.06047,-0.05077,0.10614,0.07164,-0.05674,-0.07904,-0.0118,0.03445,0.07743,-0.06806,-0.05481,-0.24359,0.0628,0.09224,0.07483,-0.04719,0.13095
site-1_prs_pheno9,-0.05975,-0.07006,-0.10996,0.00273,-0.09652,0.13935,0.05241,0.23256,0.99759,-0.09681,0.06566,-0.21027,0.00742,0.11279,-0.11306,0.01598,0.00016,-0.11809,-0.1536,0.11405,-0.04395,-0.01291,0.06533,0.02248,-0.1418,0.15762,0.04091,-0.11571,0.11738,-0.27545,0.2359,-0.08202,0.107,0.00465,-0.01556,0.10156,0.04549,0.07524,0.17173,0.11532,0.0705,-0.00192,-0.09982,0.20226,0.01236,-0.04036,0.07769,-0.04339,-0.01225,-0.01367,-0.01682,0.06649,0.07357,-0.02979,0.13201,0.20592,0.07776,0.01184,0.00596,-0.1021,0.04331,-0.12176,-0.09394,0.09378,0.02419,0.01614,-0.13878,-0.01001,0.05239,-0.11573,0.1262,-0.11676,0.01178,0.10352,-0.00422,-0.04661,-0.02119,-0.02758,0.04265,0.01904,0.05567,0.07856,0.21638,0.03135,-0.11762,0.01005,-0.11148,-0.00194,0.02858,-0.00436,0.08337,-0.20555
site-1_prs_pheno10,0.06812,-0.01075,0.07047,0.1334,0.0313,-0.02252,0.10811,0.07704,-0.01229,1.32297,0.0557,0.01673,0.2039,0.06847,0.04498,0.14285,0.12064,-0.16705,0.0331,0.07686,-0.12759,0.09765,0.00378,0.02886,0.07652,0.01002,0.07385,-0.10305,-0.09311,0.06556,0.01674,0.08389,0.02988,0.03098,-0.12594,-0.17481,-0.26741,0.10209,-0.1436,0.07782,0.13892,0.11478,0.04137,0.15011,-0.00422,-0.02422,-0.02326,-0.00146,-0.11798,-0.07757,-0.02454,-0.0417,0.06436,-0.0328,0.07843,0.13996,0.10666,0.07879,-0.04929,-0.039,-0.02905,0.19209,-0.03833,0.06315,0.02983,-0.13296,-0.08853,0.00231,0.05628,0.09427,-0.08058,-0.01282,-0.13576,-0.05067,0.09746,0.09741,0.11103,-0.05597,0.00551,-0.09921,0.06034,0.34274,0.19273,-0.23627,-0.0072,-0.1219,-0.11058,-0.07078,0.05205,0.03251,0.08113,-0.03619
site-1_prs_pheno11,-0.12996,0.0988,-0.04622,0.10707,0.00986,-0.03351,0.13519,0.00484,-0.04749,0.02969,1.00693,0.04984,-0.01255,0.05556,0.08686,0.12962,-0.07547,-0.00901,-0.13769,0.09981,-0.14974,0.22528,0.14718,-0.04041,0.06792,-0.06316,0.09017,-0.00174,0.03366,-0.07335,-0.21525,-0.06591,-0.09877,-0.05414,-0.00422,-0.23538,0.03165,-0.04586,-0.12039,0.08698,-0.04145,0.07069,0.10355,-0.0602,-0.08318,0.21302,0.01994,-0.06079,-0.01186,-0.00249,0.1418,0.04455,-0.19141,-0.00128,-0.15937,0.06507,-0.14055,0.0734,-0.11343,-0.00344,0.00153,0.07036,0.05605,-0.093,-0.16056,-0.09277,-0.12103,-0.00453,0.0633,-0.04962,0.00949,-0.24124,0.0914,-0.00244,0.08175,-0.15148,-0.07513,0.01515,0.00195,0.05206,0.10256,-0.11309,-0.11999,0.02011,0.19129,0.03315,-0.19537,-0.10293,-0.07853,-0.07526,0.06862,0.1252
site-1_prs_pheno12,-0.0218,-0.05334,0.11084,-0.13961,0.00153,0.04355,-0.03397,-0.09968,-0.14467,0.00919,-0.12566,1.2282,-0.05182,-0.01043,-0.029,-0.01866,0.03552,0.0175,0.08287,-0.12827,0.01027,-0.10293,-0.00099,-0.08517,-0.015,0.16021,-0.05247,0.06747,0.03787,0.16319,-0.14858,-0.07527,-0.07116,-0.01497,0.04698,-0.43982,0.05043,0.10512,0.02616,0.09674,-0.05111,0.03367,0.13379,0.04681,0.06091,-0.09928,-0.05578,0.02678,-0.06502,-0.12006,-0.01901,-0.12938,0.06687,0.2174,0.12377,0.22467,0.04322,-0.133,-0.03827,0.20617,-0.10566,0.01153,0.03859,0.08109,0.0389,-0.17773,0.09641,-0.01197,0.04134,-0.02877,-0.0527,0.0764,-0.00105,0.11137,0.10821,0.30404,0.00019,0.16269,-0.06681,-0.09244,0.1258,0.16473,-0.02825,-0.33196,-0.02691,-0.0762,0.12346,0.05541,0.06653,-0.01423,0.10751,-0.00403
site-1_prs_pheno13,0.18289,-0.15132,0.06165,-0.042,0.08009,-0.08383,-0.02223,-0.02433,0.04825,0.37743,-0.06816,0.02868,0.1614,-0.06939,0.02996,0.07705,0.18186,-0.04655,0.29793,-0.02983,0.12743,-0.24617,0.14117,-0.09014,-0.06973,0.1101,0.05323,0.15503,-0.15342,0.03126,0.19839,0.16415,0.13518,-0.21976,-0.09005,-0.09523,-0.11884,-0.00777,0.19097,-0.08737,0.03794,0.09985,-0.09629,-0.0086,0.0941,-0.09732,-0.14428,-0.11712,0.02975,0.06958,0.21514,-0.00867,0.02515,0.0357,-0.10926,0.052,-0.09393,0.02103,-0.0327,-0.13726,-0.12773,0.05994,0.07676,0.01948,0.13191,-0.09211,-0.01201,-0.09601,-0.08302,0.11829,-0.20132,0.14493,-0.24628,-0.01854,0.00346,0.16633,0.02732,0.02316,0.00156,-0.08491,0.00583,0.07843,0.0669,-0.00385,-0.08775,-0.23139,-0.01878,-0.13218,4e-05,-0.03377,-0.00466,-0.19059
site-1_prs_pheno14,0.2163,-0.01497,0.0654,0.14866,0.15201,-0.09559,0.05963,0.03351,-0.09014,0.19301,-0.27948,-0.09543,0.76122,0.01584,0.00956,-0.11963,0.09914,0.13855,0.02552,0.00848,0.11268,-0.06705,-0.11306,0.03527,0.0943,-0.09001,0.20518,0.12121,0.00892,0.24508,0.04764,0.07917,-0.02618,-0.17721,0.00216,-0.04733,-0.05278,-0.0118,0.09161,0.12366,-0.00186,0.08169,0.1739,0.00611,-0.0964,-0.01697,-0.15182,-0.05412,-0.01987,0.0764,0.01897,-0.01659,-0.02177,0.10882,-0.04144,-0.04132,-0.05281,-0.02833,0.05651,-0.01218,-0.06659,0.00659,0.08084,0.01769,-0.05122,0.00176,0.11589,0.07235,-0.05591,0.04007,0.02568,-0.04713,-0.03216,-0.08053,-0.03954,-0.04627,0.16298,0.08551,-0.13337,-0.01752,-0.01838,-0.01067,0.11215,0.01503,0.15018,0.24445,0.02423,-0.02461,0.02655,0.00445,-0.00974,-0.0151
site-1_prs_pheno15,-0.02218,-0.41559,0.03725,0.09112,0.01573,0.07154,-0.03543,0.12794,-0.00665,0.14784,-0.03281,0.19027,-0.04361,0.73031,-0.01216,0.08002,0.01238,-0.10519,-0.05869,-0.01932,-0.03385,-0.03902,-0.01648,0.00412,-0.01048,0.12536,-0.1839,0.30258,-0.1642,-0.09212,0.07991,-0.08809,-0.05528,0.10984,0.06511,0.24465,-0.1398,0.09236,0.13346,-0.04204,0.01542,0.06613,-0.01689,-0.0356,0.19847,0.01853,-0.23638,0.10205,-0.19198,0.04721,0.05978,-0.08086,0.00482,-0.07276,-0.04387,0.20019,0.17798,0.06719,-0.10791,0.03302,-0.03273,0.07319,0.16428,-0.00212,-0.15621,-0.15455,0.13945,0.02419,0.0423,-0.04029,0.06757,0.01206,0.14039,0.03466,-0.06387,-0.12037,0.00443,-0.09187,-0.16299,-0.02821,-0.05926,-0.03301,-0.06062,0.06078,-0.01095,-0.30459,0.18513,-0.00989,-0.06187,-0.01001,-0.03675,0.07495
site-1_prs_pheno16,0.21723,0.0151,-0.01944,-0.00604,0.10652,-0.04581,0.09246,0.00524,-0.19221,0.30067,0.19387,0.14358,0.07197,0.00054,0.79148,0.16308,0.06347,-0.16852,0.12138,-0.25173,-0.0682,0.17001,0.10548,0.0582,0.14843,-0.05308,-0.06794,0.04989,-0.22612,0.17695,-0.02834,0.09271,-0.08521,0.0503,0.03554,-0.04385,-0.17015,0.06167,0.00138,0.08216,-0.003,-0.0855,0.15219,-0.27864,0.05451,-0.10686,-0.09359,0.02758,-0.05739,0.05971,-0.09913,-0.04129,-0.13561,-0.06552,0.01269,0.0205,0.03094,0.06727,0.13872,0.17714,-0.11116,0.14279,0.19467,0.19014,0.0025,-0.0843,-0.14161,0.02739,-0.03551,0.06746,-0.22983,0.04981,0.04409,0.03467,-0.0964,-0.33388,-0.13393,0.07643,0.02313,0.13529,0.03991,-0.01876,-0.07035,-0.07175,0.03582,0.12621,0.03536,-0.02734,0.00115,-0.03113,-0.07604,0.1035
site-1_prs_pheno17,-0.16106,-0.02257,0.05056,-0.01144,0.04892,-0.0702,0.0281,0.02074,-0.03886,0.34212,0.22198,0.1389,0.04054,-0.02233,0.17818,0.99583,0.09034,0.05177,0.09002,-0.09667,-0.04088,0.02678,0.10102,0.06297,0.04337,0.12351,0.12126,0.01545,-0.17394,-0.03855,-0.01114,0.04601,-0.0924,-0.17467,0.11174,-0.11484,-0.08874,0.13577,-0.18244,-0.08532,-0.04541,-0.00225,0.06333,-0.10529,0.2542,0.1134,-0.02473,0.00123,0.09503,-0.02309,-0.06716,-0.03623,-0.05593,0.14841,-0.1636,0.10098,-0.08448,0.05357,-0.08026,-0.0509,0.03451,0.17526,0.02127,0.21509,0.02145,-0.13574,0.11298,-0.01552,-0.06268,0.09162,0.01216,0.03749,-0.07988,-0.02084,0.02141,-0.01022,-0.19083,0.0853,-0.03628,0.09098,-0.02434,0.03249,-0.23798,-0.23211,0.00422,-0.04601,0.06838,-0.1085,0.01626,-0.01181,-0.00622,-0.11038
site-1_prs_pheno18,0.167,-0.21862,0.04217,0.14929,0.18859,-0.11277,0.04047,-0.03738,0.01787,0.21886,-0.12532,0.03044,0.18704,-0.02794,0.03177,-0.08621,0.67398,0.05464,0.11355,0.14564,-0.00478,-0.20857,-0.0136,-0.002,-0.08098,-0.03025,-0.02215,0.10282,-0.04519,0.11882,0.25255,0.03845,0.0256,-0.04856,0.08921,0.03266,-0.11989,0.10064,0.2345,-0.07248,-0.00665,-0.03687,-0.03404,0.0696,0.01726,-0.16732,-0.15636,-0.04564,0.10074,0.02351,-0.05075,0.13918,0.08493,-0.16714,0.06202,-0.12203,0.02152,0.04455,0.05662,0.01216,-0.38855,0.07774,0.03653,-0.12744,0.06798,-0.24713,-0.16172,-0.02711,-0.12508,0.1226,0.01726,-0.04181,-0.18151,0.02858,0.09076,0.22312,0.16944,0.0912,-0.05472,0.02114,0.00166,0.07033,0.03762,0.03458,-0.09305,-0.07659,0.05967,-0.08825,-0.00504,0.04586,-0.14928,-0.01636
site-1_prs_pheno19,-0.0777,0.19402,0.14192,-0.24497,-0.07015,0.06872,-0.13802,0.00497,0.0431,-0.13571,-0.14917,-0.05058,-0.10653,-0.18609,-0.09757,-0.09656,-0.03207,0.98128,-0.02101,0.07293,-0.0929,-0.20592,-0.07884,0.12226,-0.13484,0.01019,0.02137,-0.13388,0.12715,0.03922,-0.03663,-0.13837,0.02491,0.07939,0.32007,-0.11718,0.11847,-0.19804,-0.10993,-0.10526,0.01551,-0.02256,-0.13248,-0.05102,0.0619,0.04184,-0.0542,-0.20582,0.10989,0.06403,-0.15722,0.09896,0.10645,0.02566,-0.05004,0.0097,0.14975,-0.21517,0.01552,-0.07639,0.08785,-0.16969,-0.04365,0.10186,-0.15115,0.05841,0.06878,-0.00316,-0.05536,-0.02963,0.303,0.05761,0.0506,-0.05657,0.03316,0.25788,0.09119,-0.08491,-0.03138,0.08252,0.07679,0.01101,0.04655,0.0792,0.02625,0.03124,0.11346,-0.01219,-0.05035,0.08645,0.05483,0.07687
site-1_prs_pheno20,0.20687,-0.12577,0.00793,0.21566,0.21602,0.03279,0.0789,0.061,-0.1526,0.29466,0.01631,-0.08696,0.28217,-0.04923,-0.01293,-0.05779,-0.02228,0.02868,1.463,0.07536,-0.12094,0.07121,-0.26347,0.05134,0.1189,-0.05992,0.04445,-0.06517,-0.17033,0.00977,0.27022,0.14492,-0.10409,-0.11084,-0.06128,-0.15802,-0.21346,-0.15305,-0.00066,0.02383,0.00797,-0.03353,0.12519,0.00486,-0.13486,-0.01131,0.12648,-0.06397,-0.00172,0.02735,0.02161,0.0396,0.06487,0.04588,0.06844,0.01977,-0.16252,0.0664,-0.0611,-0.05085,-0.01026,-0.03177,0.07755,-0.03325,-0.00026,0.22931,-0.20025,0.04401,0.03173,0.04249,-0.11213,-0.05044,-0.27076,-0.07675,-0.10265,-0.00576,0.23594,-0.04256,0.01069,0.05033,0.06335,0.06068,0.19915,-0.17126,0.00099,-0.06389,-0.00294,-0.09794,-0.03444,0.13438,-0.00322,0.06841
site-1_prs_pheno21,-0.0456,-0.14477,0.04745,0.03671,-0.04988,-0.00202,-0.05711,0.05365,-0.01631,0.24163,-0.15094,-0.09298,0.09912,0.01902,-0.00681,-0.15412,-0.02399,0.04396,0.17959,1.32566,-0.05846,-0.04619,-0.10958,0.18502,-0.10123,0.05435,-0.12739,0.03826,0.04888,0.09631,0.09898,0.05777,0.02856,-0.06106,0.17079,-0.04833,-0.00434,-0.06755,-0.12516,0.15302,0.05331,0.00612,0.02441,0.09405,-0.15928,0.00161,-0.06243,-0.06887,0.01671,-0.021,-0.08482,-0.04458,0.05347,-0.08523,0.04709,-0.02408,0.08687,-0.16108,-0.07754,-0.03991,-0.13124,0.01553,-0.10287,-0.16819,-0.05764,0.09101,-0.00022,0.02001,0.17632,0.11092,0.05234,-0.02275,0.06572,-0.02706,-0.16064,0.07344,0.11885,-0.09571,0.0862,-0.03483,-0.05364,-0.01456,-0.03402,0.04881,0.04939,0.00503,0.02125,0.03428,-0.05463,0.03053,-0.00345,0.11558
site-1_prs_pheno22,-0.00523,-0.15503,-0.08495,-0.10123,-0.02178,0.14347,-0.08143,0.14793,0.03839,-0.05943,-0.05215,-0.01259,0.05737,0.02405,-0.09683,0.0755,-0.06093,-0.01987,0.07001,-0.03431,1.21537,-0.02864,-0.11106,0.07665,0.0114,0.13783,0.03783,-0.23564,-0.08093,0.0941,-0.16802,0.12131,0.04484,-0.23236,-0.15064,0.06242,0.00065,-0.14331,-0.16233,-0.05038,-0.20408,-0.05088,0.19697,-0.08002,-0.03042,-0.17772,0.10424,0.12558,-0.11421,0.03635,-0.09441,0.00087,-0.04838,0.11012,0.05005,-0.05949,0.10012,0.00354,0.09867,-0.03187,-0.05671,0.04504,-0.07479,0.0205,-0.08536,0.06265,0.25226,-0.01335,-0.07716,-0.08141,-0.06076,0.12252,0.35674,0.02093,-0.06092,0.05481,-0.14858,0.06312,0.00473,-0.13065,-0.06616,-0.075,0.00397,-0.1659,0.03875,-0.25553,-0.03711,0.01708,0.03897,0.03925,0.11095,0.01101
site-1_prs_pheno23,0.00905,-0.02193,-0.13761,0.17969,0.02309,0.01641,0.21926,0.04378,-0.03087,0.09107,0.15336,0.02692,0.01885,0.10797,0.16673,0.11364,0.00311,-0.15202,0.03883,-0.34356,-0.00796,1.07397,-0.10669,-0.08509,0.09954,0.0485,-0.04635,-0.10513,0.03906,-0.02687,-0.05302,-0.01254,-0.08639,-0.08172,-0.09003,0.09118,-0.09031,0.10359,-0.0475,0.07212,-0.02562,0.02941,0.20642,-0.10304,0.19728,0.02025,0.01125,0.05142,0.02764,0.00862,0.00632,0.00695,-0.31015,0.00072,0.21254,0.0275,-0.13498,0.07804,0.09326,-0.03008,0.02208,0.04227,-0.01688,-0.03774,0.10252,0.06909,-0.17083,0.08148,0.00035,-0.01088,-0.17653,-0.03026,-0.12784,-0.03084,0.02404,-0.22623,-0.0655,0.01887,0.03969,0.04895,0.09805,-0.00272,-0.13746,-0.04069,0.10624,0.1436,-0.03332,0.03491,0.07438,-0.01255,-0.07483,-0.0441
site-1_prs_pheno24,-0.06446,0.1426,-0.06558,-0.19251,-0.18596,-0.06525,-0.10558,-0.13966,-0.11442,-0.12544,-0.03965,0.17526,-0.23586,-0.05589,0.00243,0.02041,0.07791,-0.01063,-0.2602,-0.02014,0.10194,-0.10919,1.29145,-0.00272,-0.02554,0.10161,0.20792,0.00469,0.06369,-0.00219,-0.19791,-0.0193,0.15474,0.07202,0.0436,-0.00288,0.11242,0.10265,0.07516,-0.01932,0.15431,-0.001,-0.10819,-0.15405,-0.02236,0.19332,0.05149,0.1381,0.12073,-0.05681,-0.00248,-0.01883,0.01063,-0.05201,-0.17576,-0.02358,-0.10915,-0.14328,-0.15639,0.10515,0.03265,-0.00649,0.04099,-0.00384,-0.11098,-0.0499,-0.20007,0.05731,-0.09996,-0.07776,0.03421,0.0698,0.06814,0.18033,0.03734,0.01345,-0.02992,-0.01126,0.03081,-0.12347,-0.15935,-0.13576,-0.1225,0.22872,0.04881,-0.13574,-0.13204,-0.07877,-0.04009,0.04747,0.03841,0.00258
site-1_prs_pheno25,0.00132,-0.00557,0.01858,-0.04511,0.01848,-0.07535,-0.10342,-0.15563,-0.08379,0.06571,-0.11737,0.10786,-0.00486,-0.03278,0.05257,-0.04648,0.087,0.08062,-0.05768,-0.07197,-0.00487,-0.01608,-0.16946,1.03762,-0.07772,0.06693,-0.13476,-0.22283,0.02265,0.0419,-0.12938,0.02916,-0.08497,-0.01233,0.02499,0.03402,0.02842,-0.29124,0.02042,-0.10663,-0.08999,0.02738,-0.01659,-0.07003,0.21287,0.01569,-0.06824,-0.0003,-0.03861,0.10917,-0.02746,0.12757,-0.00338,0.16151,0.07571,0.01064,0.23733,-0.07871,0.0064,0.07937,-0.03118,-0.06316,-0.00394,-0.08262,-0.02105,0.1623,0.11377,0.11655,0.05538,-0.08499,0.02561,0.25059,-0.06055,-0.10995,-0.08921,0.18611,0.13908,0.07525,0.04563,-0.01189,0.01248,0.17211,-0.1291,-0.17419,-0.00062,0.0366,-0.01868,0.01713,-0.02119,-0.08569,0.11923,-0.03642
site-1_prs_pheno26,0.02233,-0.06387,-0.03062,0.08084,0.03494,0.04841,-0.00329,-0.01883,-0.02682,0.16042,0.12816,-0.1771,-0.06535,-0.00053,0.01783,0.15942,-0.10071,-0.06251,-0.24664,-0.02493,0.05968,0.06369,0.06475,-0.05265,0.84941,0.05238,0.0973,0.00229,0.12467,-0.04517,0.11894,0.00301,-0.09141,0.10624,-0.10855,0.21518,-0.11411,-0.1372,0.01934,-0.14623,-0.04713,-0.04517,-0.11055,-0.05049,-0.15733,0.04734,0.03365,0.1701,-0.03694,0.08681,0.0475,0.0073,-0.07917,-0.05768,0.15611,-0.06925,0.10543,0.02736,0.0174,-0.17015,-0.00668,-0.07466,-0.0521,-0.16196,-0.09094,0.03688,-0.21605,-0.0642,0.01618,0.08399,0.00323,0.17578,0.24324,0.11033,-0.0224,-0.05029,0.05103,0.09045,-0.09541,0.10473,-0.11613,-0.0445,-0.08379,0.09195,-0.01732,-0.15146,0.1504,-0.00535,-0.05188,0.02328,-0.04691,0.06362
site-1_prs_pheno27,-0.11961,0.07042,0.04761,0.17913,0.01027,-0.01505,0.03154,0.08369,0.01107,0.01121,0.03089,0.07911,-0.10839,-0.13086,-0.13597,0.10794,0.1511,0.1275,0.10299,0.19621,-0.01018,-0.07853,0.08231,0.17267,-0.06565,0.12034,0.17299,-0.02078,-0.05337,-0.08182,0.05856,-0.17821,-0.0032,0.1041,0.05635,-0.13687,0.04387,0.04735,-0.05966,-0.03569,0.01808,-0.0544,0.05752,0.035,-0.06285,0.06873,0.03813,-0.09488,0.12386,-0.02543,-0.05983,0.03887,-0.01414,0.11682,0.00029,0.07299,-0.05655,0.10046,-0.1355,-0.0787,0.04361,-0.07224,-0.02375,-0.05279,0.0202,0.08783,0.20396,0.0246,0.0616,-0.01436,0.10429,-0.29444,0.05768,0.05661,-0.07906,0.0283,-0.0459,0.08172,0.10407,-0.00476,0.01497,-0.07663,-0.14315,-0.14158,-0.06333,0.00613,-0.15324,-0.07687,0.03228,-0.04294,0.07958,0.00192
site-1_prs_pheno28,-0.2349,-0.04563,-0.14697,0.06038,-0.00804,0.08683,0.08973,0.04751,0.04225,0.16928,-0.08248,0.21559,-0.08298,0.06448,-0.05932,0.13178,0.10447,0.02006,-0.0151,0.07772,0.12612,0.02387,0.30108,0.16985,0.06073,0.95809,0.33501,0.04206,-0.04719,0.01396,0.14253,-0.12507,0.0329,0.07386,0.00401,-0.22462,0.01176,0.10127,0.03169,0.03254,0.01409,0.04476,0.1172,-0.02343,0.08897,0.14519,-0.0142,0.00361,0.01981,-0.0106,-0.00013,-0.01765,0.04336,0.19127,0.16161,0.17755,0.00991,-0.03772,-0.05304,-0.06721,-0.02612,-0.08877,0.0411,0.01443,-0.04442,-0.15908,-0.13298,0.04294,-0.07427,-0.0532,0.04157,-0.05774,0.04089,0.14831,0.07875,0.1229,0.05356,0.17905,0.00123,-0.0419,-0.00634,0.07342,-0.13663,0.07128,0.08733,-0.11272,0.05177,-0.07732,0.04334,0.04333,0.04533,0.11393
site-1_prs_pheno29,-0.06011,0.18327,-0.00437,0.09808,-0.08971,0.07771,0.03021,-0.0448,-0.03572,0.1237,0.05288,0.02346,-0.01429,0.00514,-0.0811,0.09423,-0.04805,0.03235,-0.14814,-0.12906,0.11523,-0.06066,0.24942,-0.01974,0.14408,0.20346,1.0341,-0.07818,-0.04487,0.07013,0.01044,-0.10477,0.02068,-0.06029,-0.0969,-0.2353,0.14404,0.12327,-0.07173,0.04116,-0.0363,0.1198,0.11725,-0.04866,-0.15805,0.11035,0.01246,-0.09622,-0.03375,0.02033,-0.01377,0.03036,-0.10585,0.18064,-0.03468,-0.02447,-0.13965,0.03026,-0.09482,-0.00681,0.00457,-0.00512,-0.00802,-0.00632,-0.28284,-0.21075,-0.15688,-0.01622,-0.09259,-0.1182,0.20326,-0.07019,0.07776,0.20835,0.13106,0.05596,0.04104,0.08467,-0.0744,-0.03636,0.02677,0.00142,0.07359,0.04973,0.28095,0.11056,0.01102,-0.13589,0.06162,0.10784,0.08051,0.06683
site-1_prs_pheno30,-0.04058,-0.0956,-0.11334,-0.1234,-0.04263,0.05646,0.04684,-0.06694,0.11895,-0.08147,0.19706,-0.02829,-0.23282,0.00738,-0.07302,-0.0608,-4e-05,-0.0026,0.19164,-0.03354,0.16959,-0.11364,-0.05795,-0.06096,-0.2059,0.03011,0.0021,-0.05263,-0.07851,-0.15161,0.19329,-0.03149,0.04676,0.01863,-0.04814,0.28014,-0.00431,-0.17335,0.09575,-0.12889,-0.13368,0.0842,-0.0989,0.14198,-0.17124,0.11189,-0.10708,-0.00947,0.1378,0.08645,0.16295,0.00132,-0.05398,0.0357,-0.13382,-0.19486,-0.0249,0.01825,-0.06522,-0.01245,-0.14867,0.08958,-0.04649,-0.08049,-0.08296,-0.06115,0.14493,-0.00439,-0.05253,-0.04489,-0.01323,0.16433,0.14725,0.08943,0.06008,0.05533,-0.0847,0.04099,-0.0719,-0.06092,0.04848,-0.05507,-0.21576,0.0161,0.06651,-0.12174,-0.01681,-0.05493,0.05814,-0.09464,0.10385,0.041
site-1_prs_pheno31,-0.21345,-0.01722,0.15316,-0.01635,-0.01594,-0.0917,0.0074,-0.06474,0.03046,-0.08696,0.06082,0.0664,-0.09102,0.0206,0.01655,0.02647,0.04787,-0.06492,-0.19116,-0.00133,-0.03238,-0.17128,0.1834,-0.0583,0.03238,-0.03942,-0.20729,1.30976,0.06605,-0.0273,-0.17388,0.0731,-0.09611,0.06666,-0.13627,0.03045,-0.03623,-0.06084,0.111,0.04095,-0.02429,-0.05418,-0.07456,0.05147,0.0223,0.07961,-0.16081,-0.07028,-0.01092,0.01304,0.10484,-0.14769,0.20505,0.11999,-0.05482,-0.03884,-0.07489,-0.09777,0.04783,-0.01714,0.12675,0.02641,0.03104,0.09166,0.03258,-0.08583,-0.11274,0.02698,-0.03098,-0.06582,0.04162,-0.08246,-0.10635,-0.13555,0.19381,0.0578,-0.13423,-0.00428,-0.0483,0.02406,-0.22842,-0.19779,0.0185,0.12717,-0.13201,-0.23026,-0.07064,0.08295,0.00444,-0.0685,-0.15551,0.02529
site-1_prs_pheno32,-0.23562,-0.00963,0.03088,0.05855,0.00454,-0.04706,0.0844,-0.03372,0.20851,-0.03267,-0.11539,-0.1503,0.1201,0.02104,-0.08302,-0.15863,-0.08517,0.11347,-0.17455,0.16284,-0.04455,-0.00423,0.08351,-0.03799,0.01467,0.05862,-0.06266,0.15538,1.19036,0.16744,0.02619,-0.07117,-0.03707,0.15535,0.09406,-0.07812,0.11827,-0.18041,0.04106,0.0638,0.05522,0.03747,-0.0271,0.03677,-0.02149,0.07306,-0.16449,0.03584,-0.05641,-0.04328,0.11751,-0.17971,0.1741,0.08549,0.02926,0.03122,-0.02559,-0.07958,0.11787,-0.10276,0.10248,-0.16166,-0.13873,-0.13054,0.0014,0.01698,0.00675,0.00495,0.01529,-0.11824,0.04341,-0.04249,-0.21145,0.00993,0.07267,-0.03769,-0.03572,0.04342,0.03999,-0.0062,-0.07614,-0.0664,-0.04774,0.11512,0.12793,-0.06527,0.00549,0.19523,-0.07276,-0.01924,-0.006,-0.06897
site-1_prs_pheno33,0.08384,-0.0141,0.08857,0.04748,0.02344,0.01725,-0.11711,-0.16821,-0.17699,-0.02407,-0.13472,0.03285,0.12237,-0.06417,0.06892,-0.16647,-0.12781,0.02608,-0.07583,0.1577,0.00816,-0.22947,-0.0253,-0.0643,0.06088,-0.11388,0.03652,0.15826,0.11183,0.87892,0.09153,0.07485,-0.00466,0.23624,0.05215,-0.07312,0.15158,-0.16148,-0.19452,-0.03659,0.08649,0.05021,0.05312,-0.05918,-0.07985,-0.15643,-0.23992,-0.04036,-0.12354,0.00342,-0.0725,-0.01811,0.20997,0.06686,-0.09906,-0.08924,0.14652,-0.14005,0.09516,0.00874,0.04675,-0.11159,0.13959,0.0736,-0.05937,-0.04335,-0.00549,-0.04201,0.02199,0.01216,0.06391,0.05561,-0.08532,-0.00647,0.04481,0.08136,0.10246,0.00257,-0.01216,0.00919,-0.05442,0.06209,0.11843,-0.0639,0.05225,0.07432,0.18123,0.05567,0.00813,0.00403,0.03312,0.19622
site-1_prs_pheno34,0.14393,-0.20134,-0.09072,0.16807,0.09434,-0.04403,0.1179,-0.04009,0.05459,0.10975,-0.07152,-0.14362,-0.02247,-0.10937,0.05525,-0.08749,0.06546,-0.02675,0.05575,0.11117,0.03561,-0.04927,-0.13062,-0.08431,-0.01717,0.03118,0.016,0.12848,0.05828,-0.04059,1.16181,0.0876,-0.00161,0.04497,-0.10803,0.20428,0.03315,-0.10038,0.15146,-0.09793,0.03989,0.00961,-0.01297,0.12393,-0.08599,-0.10679,-0.02924,0.05825,0.02965,0.08812,0.01388,0.15068,0.03571,-0.00712,0.09366,-0.03931,-0.14136,0.0157,0.20184,-0.09038,-0.08233,-0.01435,-0.0271,-0.06706,0.08921,0.05652,0.00424,0.00528,-0.04452,0.01349,0.04433,-0.00858,-0.18104,0.01009,-0.04042,0.09046,0.22056,0.17511,-0.0438,0.09119,-0.05574,-0.07889,-0.03085,0.01838,-0.13094,0.01006,0.05646,-0.08215,0.06786,-0.05846,-0.10078,0.09721
site-1_prs_pheno35,0.12717,-0.12998,0.00295,-0.02519,0.16712,0.02626,0.00304,0.07877,0.0055,0.22475,0.06036,-0.11304,0.22303,0.07172,0.05599,-0.01594,0.13279,-0.16395,0.18502,0.07477,-0.02016,0.02254,-0.00734,-0.02395,0.06521,-0.01792,0.02179,-0.02355,-0.13729,-0.00602,0.27391,0.94331,0.10227,-0.07061,-0.10675,-0.21268,0.01257,-0.07764,-0.02784,0.17228,-0.12135,-0.02232,0.0191,0.18374,-0.09369,0.17269,0.02685,0.00724,-0.07023,-0.12496,0.05291,-0.03194,-0.01408,-0.17219,-0.03087,-0.02969,0.05703,-0.00282,-0.04851,-0.03996,-0.25792,0.08436,0.01831,-0.01586,-0.06408,-0.09108,-0.15265,-0.02778,0.01978,0.11769,-0.1606,-0.10826,-0.1211,0.1473,-0.15786,0.04016,0.07494,0.04966,0.06682,-0.0777,0.05701,0.26986,0.00598,0.02827,-0.0404,-0.16425,0.0295,0.04668,0.12117,0.02317,-0.03348,0.01677
site-1_prs_pheno36,0.07056,0.06132,0.15157,0.0982,-0.12064,-0.09447,-0.02512,0.03731,0.16045,-0.13008,-0.04485,-0.13885,-0.00077,0.08468,-0.0603,0.00552,0.11659,-0.00474,0.02651,0.32356,0.03405,-0.10207,0.2352,-0.0501,-0.10427,-0.02575,0.1021,-0.0005,0.00183,-0.0017,0.07234,0.03737,0.76624,-0.05793,-0.01572,0.0058,0.18798,0.12372,-0.06749,-0.02775,0.02749,0.0289,-0.06435,0.08291,-0.12985,0.08686,-0.04209,0.03668,0.33301,-0.01498,-0.01016,0.01376,0.09736,-0.1482,-0.17671,-0.02605,-0.05024,0.00598,-0.13418,0.02764,-0.13601,0.06404,0.0862,-0.20174,0.00127,-0.23233,-0.15196,-0.00332,-0.04198,-0.02717,0.08256,-0.00786,-0.28814,-0.00726,-0.0696,0.20888,0.11515,-0.0611,0.02718,-0.26383,0.07698,0.15904,0.29181,-0.00714,-0.06976,0.14773,-0.09782,-0.12716,-0.03748,0.19149,-0.04215,0.2972
site-1_prs_pheno37,-0.10431,-0.03146,-0.11332,0.06568,-0.02402,-0.09176,0.11913,0.07535,-0.04992,0.00877,0.07292,0.05918,0.04522,0.00998,0.05037,0.04698,-0.0763,0.11623,0.10959,0.04353,-0.04065,0.04178,-0.11062,-0.07285,0.04872,0.04275,-0.07636,-0.03896,0.11273,-0.0091,0.24242,0.0929,0.02408,0.11379,-0.04978,-0.20811,0.12369,0.04965,-0.10852,0.1694,-0.05319,-0.03588,0.12996,0.14152,0.0644,-0.11405,-0.0337,0.0434,0.13017,-0.02288,-0.01485,0.07323,-0.03548,-0.15942,0.07747,0.12589,-0.03257,-0.00634,0.11337,0.14455,-0.09144,0.06289,-0.07153,0.2105,0.17586,-0.09965,0.11188,0.01677,0.07537,-0.08031,-0.00455,-0.15511,-0.00558,0.04485,0.04812,0.05939,-0.031,0.0545,0.10427,0.00076,0.14753,0.05842,-0.01428,-0.21931,-0.02644,0.03055,0.08141,0.0185,0.13226,-0.12655,-0.02624,0.15377
site-1_prs_pheno38,0.00384,-0.08097,0.00226,0.00909,0.06378,-0.02021,-0.05499,-0.106,-0.02564,-0.29844,0.04711,0.05327,-0.09882,0.00964,-0.00831,-0.10404,-0.15126,-0.12432,-0.14818,0.07604,-0.16303,-0.05398,0.01767,-0.01254,0.14805,0.02428,-0.13236,0.00598,0.1954,0.00604,0.08304,-0.09101,-0.12756,1.06994,-0.06794,-0.00882,-0.00013,-0.171,-0.04105,-0.09036,0.02976,-0.00703,-0.1614,0.062,0.09774,0.2275,-0.0226,-0.00824,-0.27864,0.05539,0.06695,-0.04478,0.05713,0.20878,0.06831,-0.01799,0.12992,-0.10222,0.12651,0.07024,0.1397,-0.13127,0.1336,-0.04822,0.08428,-0.01425,-0.16646,0.10255,0.07966,-0.06282,0.11275,0.00331,0.06532,0.0847,-0.07686,0.06817,0.02233,0.03275,-0.06542,0.08776,-0.11949,0.08685,-0.2159,-0.00574,-0.10931,-0.10774,0.2204,0.15358,0.05967,-0.0281,0.00647,0.10261
site-1_prs_pheno39,-0.17918,-0.02536,-0.00123,-0.25456,-0.11122,0.01662,-0.1209,-0.01229,-0.00041,0.11988,-0.09301,0.23228,-0.09976,-0.11892,0.02317,0.00333,0.05394,0.27995,0.07936,0.0374,-0.15698,0.00774,0.05261,0.07941,-0.00383,0.14425,-0.00111,-0.02811,0.07135,0.06413,0.10224,-0.08413,0.05355,-0.00979,0.95276,0.01487,-0.11007,-0.068,0.13757,-0.09701,0.10391,-0.10942,-0.11038,-0.12314,0.0607,0.01625,0.09706,-0.19159,0.06913,-0.06923,-0.13039,0.09769,-0.05173,-0.23673,0.1523,0.18045,0.13169,-0.1277,-0.02474,-0.08417,-0.12067,-0.02957,-0.02385,0.25279,-0.13802,-0.00318,0.00897,0.02011,0.05201,-0.07451,0.17434,0.08681,-0.05858,0.00478,-0.21388,0.00473,0.14242,0.03556,0.0822,0.10426,0.28651,0.16403,0.0122,-0.02427,-0.04131,-0.1145,0.09763,-0.06135,-0.03831,0.08998,-5e-05,-0.02899
site-1_prs_pheno40,0.05839,-0.16854,-0.07903,0.05477,0.00801,-0.00508,-0.00566,-0.13993,0.10519,0.03885,-0.05618,-0.20722,-0.06109,-0.06029,-0.0164,-0.07707,-0.02219,-0.11237,-0.03727,-0.10501,0.16298,0.00613,-0.1138,0.00736,-0.06507,-0.07039,-0.0315,-0.13893,0.04968,0.06321,0.17186,0.11762,0.05916,-0.01899,0.02136,2.32865,-0.16162,-0.24612,0.09599,-0.06721,0.08522,0.0543,-0.11584,0.0578,-0.29665,0.1088,0.0295,-0.05271,0.06132,0.07099,0.10009,0.06837,0.03412,-0.25547,0.11273,-0.14428,0.05308,-0.0998,0.03054,-0.15,0.04881,-0.07621,-0.11572,0.03132,-0.03396,0.20372,-0.12069,-0.04283,0.01805,0.03104,-7e-05,-0.04951,0.0718,-0.09153,-0.12343,-0.09044,0.15977,-0.0134,-0.02177,0.00927,-0.02657,-0.07582,0.03715,0.06797,0.01055,-0.02324,-0.11109,0.05356,0.03445,-0.04198,0.04849,-0.15162
site-1_prs_pheno41,-0.11106,0.10015,-0.11501,-0.05234,-0.13544,-0.00745,-0.01468,-0.10607,0.11863,-0.08941,-0.2309,0.06849,0.03884,-0.021,-0.09276,-0.01191,0.08565,-0.00976,-0.09397,0.10183,0.21424,-0.02033,0.01947,0.01997,-0.05167,0.09606,-0.0493,0.00607,0.05844,0.01874,0.03875,0.06677,0.09705,0.00281,-0.1868,-0.03896,1.2698,-0.05147,0.06701,0.12491,-0.0809,0.01316,0.05802,0.11437,-0.12183,-0.07119,0.18477,0.3316,0.21856,0.03574,-0.01047,0.2325,-0.0674,0.08405,0.19236,0.01267,-0.20672,-0.149,0.19456,-0.04906,-0.05192,-0.06724,-0.09995,-0.01814,0.13205,-0.12409,-0.00618,-0.03976,0.03011,-0.13496,-0.02404,0.1394,-0.1098,0.04669,-0.0092,-0.04949,0.06992,-0.02163,-0.08931,-0.19079,-0.06589,0.03238,0.14588,-0.06095,-0.07152,0.31847,0.11195,-0.00325,0.17978,-0.07984,0.1143,-0.01479
site-1_prs_pheno42,0.01353,0.11006,0.04978,-0.04474,-0.06815,-0.09504,0.04382,-0.1598,0.01157,-0.02678,0.22498,0.06472,-0.1692,0.11306,0.05595,0.02371,0.03209,-0.23784,-0.3524,-0.09979,0.00289,0.03716,0.15333,-0.00522,-0.00144,-0.01463,0.18295,0.03664,-0.07157,-0.0848,-0.1484,-0.05471,0.03136,-0.01618,-0.07301,-0.08119,0.05985,1.38441,0.06524,0.124,0.00013,0.2029,-0.08433,-0.01859,0.34675,-0.20083,0.03212,-0.02569,0.06823,-0.07411,-0.04856,-0.07531,0.06186,0.13809,-0.10288,-0.0604,-0.13219,0.09693,0.00298,0.07531,0.01397,0.1379,-0.02994,-0.09533,0.13956,-0.14298,-0.08144,-0.0651,-0.07465,0.02031,0.02004,-0.08303,-0.27619,-0.11159,0.19665,0.05554,-0.21942,-0.03231,0.02786,-0.00323,0.03062,0.04974,-0.048,0.09427,0.04219,0.00605,-0.13124,-0.063,-0.0759,-0.12735,-0.09813,-0.04366
site-1_prs_pheno43,0.45452,-0.13471,0.10453,0.02917,-0.08041,-0.14535,-0.15686,-0.04623,0.04853,0.06667,0.08364,-0.12749,0.03293,0.00501,0.02551,-0.07022,0.14598,-0.04763,-0.04692,-0.01928,-0.04839,-0.09432,-0.12334,-0.15592,-0.03122,-0.12009,-0.14737,0.14152,-0.07616,-0.19394,0.13011,0.12927,0.01691,-0.15992,-0.05088,0.10789,-0.0396,0.06439,1.01133,0.13488,0.00334,-0.05327,-0.10504,-0.00532,-0.06884,-0.10837,-0.02479,-0.03557,0.11869,0.07213,0.12294,0.09627,-0.0015,0.04571,-0.06703,-0.11541,-0.03756,0.10748,-0.00141,-0.014,-0.00791,-0.03093,-0.13602,-0.07282,0.03029,-0.09353,-0.03094,-0.1284,-0.01092,0.09541,-0.01506,0.13396,0.15866,0.04215,0.01783,0.22992,0.20637,0.07386,-0.23452,-0.03945,-0.01173,-0.05301,0.07063,0.08094,-0.14737,-0.11045,0.07259,-0.03893,-0.01551,0.06076,-0.07418,-0.16269
site-1_prs_pheno44,-0.04989,0.00338,-0.15914,-0.25889,-0.11896,0.04126,0.04635,0.01447,0.15195,-0.16946,0.06612,-0.19085,0.1618,0.15652,-0.00271,-0.05846,-0.04054,-0.07944,-0.04873,0.1716,0.13988,-0.14161,0.01665,-0.02842,0.06753,-0.00394,0.10703,-0.01289,0.11147,-0.19996,0.08791,0.14565,0.074,-0.19415,-0.03687,-0.37145,-0.02881,0.16301,0.23839,1.1001,-0.02418,0.07415,0.12935,0.22688,0.08114,-0.05164,0.01402,-0.07254,0.13874,-0.00637,0.04279,-0.01666,-0.02751,0.0386,-0.00872,-0.05044,-0.00618,-0.08572,0.00571,0.09318,-0.08322,-0.05052,-0.16039,-0.16197,0.07087,-0.18228,-0.13347,-0.12117,-0.01805,0.02823,-0.1178,-0.07695,-0.28819,0.18008,-0.01106,0.06273,0.01551,0.01903,0.05356,-0.00334,0.18189,0.0467,0.20165,0.00959,0.15684,0.07836,-0.10827,-0.05743,0.02825,0.06437,0.03776,-0.18823
site-1_prs_pheno45,0.12045,-0.19973,0.05116,0.13541,0.01101,0.00025,-0.07018,0.00175,-0.14146,0.43266,-0.09553,0.08584,-0.04813,-0.07744,-0.06204,0.0983,-0.00848,-0.01362,0.21079,0.01265,-0.07454,-0.13754,0.00675,0.00779,0.05191,0.09615,0.12985,0.09932,-0.08285,0.11146,0.25029,0.01964,0.01439,0.00299,0.13226,-0.05186,-0.03705,0.02783,0.03419,-0.10908,0.92183,-0.12518,0.1576,0.00268,-0.08626,0.04831,0.05643,0.03704,0.12409,-0.0755,0.08908,0.04785,0.01087,0.04155,0.27944,0.05484,-0.13454,0.04193,-0.05309,0.11238,-0.05775,0.01028,-0.07681,0.01734,-0.10245,-0.13517,0.07913,0.01334,-0.02825,-0.05109,0.08429,0.09869,-0.16209,-0.00159,-0.06311,0.1433,0.2687,-0.01815,-0.00371,-0.0179,0.19377,0.14166,0.06975,-0.1218,0.01116,-0.19084,-0.01882,-0.0071,0.09079,0.05978,0.0648,0.1276
site-1_prs_pheno46,-0.18574,0.153,0.01372,0.12472,0.01124,-0.05511,-0.00267,-0.04529,0.01985,0.1915,0.03361,-0.10696,0.09034,0.03452,-0.0265,-0.00267,0.03866,0.0913,0.07841,-0.00445,-0.10928,0.11388,-0.03084,-0.02028,-0.01624,0.05449,0.19816,-0.0634,-0.04215,0.06552,0.06992,0.12893,0.07646,-0.10526,0.04029,0.13521,0.05509,0.06269,-0.08382,0.02628,0.11694,0.74597,0.08767,0.14332,-0.2371,0.0919,-0.10243,0.03447,0.13533,-0.07386,0.0889,-0.1163,0.03745,0.25109,0.03369,0.15019,0.00736,-0.1551,-0.17156,-0.07221,-0.01816,0.04332,0.05503,0.01066,-0.19566,0.01758,-0.10713,-0.01172,-0.05051,-0.05994,0.02049,0.05373,-0.43124,-0.19421,0.07937,-0.10244,0.27792,-0.10601,0.01022,0.05161,0.23289,0.02539,0.23255,-0.10723,0.24886,0.20651,-0.06715,-0.12365,-0.02251,-0.02172,-0.00646,-0.07668
site-1_prs_pheno47,0.20253,0.14826,0.00596,-0.05111,0.06095,0.05597,-0.10774,-0.10271,-0.16195,-0.28155,0.06641,-0.02908,0.08307,0.08439,0.11376,-0.09948,-0.13808,-0.16193,-0.33345,0.00071,0.02376,0.11102,-0.02195,-0.03075,0.05898,-0.17406,-0.02655,0.10281,-0.2174,0.00149,-0.01975,0.1011,-0.07168,-0.12834,-0.18282,-0.03908,0.04264,0.03715,-0.10847,0.06321,0.01519,0.11134,0.1335,-0.02247,-0.15005,-0.11927,-0.12205,0.06881,0.01321,-0.01671,-0.03709,-0.06424,0.03442,0.23413,-0.231,-0.2559,0.10287,-0.15561,-0.10292,0.03536,0.0912,-0.02815,0.16366,-0.03558,-0.05827,-0.11769,-0.06172,-0.03585,0.06251,0.16114,-0.168,0.08284,0.03533,0.0189,-0.03031,-0.0251,0.12063,-0.03366,-0.17332,-0.01701,-0.10834,-0.0273,0.18939,0.03024,0.09625,0.28681,0.03552,0.05396,0.00852,-0.05093,-0.07007,0.14417
site-1_prs_pheno48,-0.05746,-0.027,-0.05711,0.17997,0.1105,0.00517,0.16441,-0.00728,-0.15095,-0.07983,-0.03915,0.05666,0.12015,0.08639,0.0569,-0.09443,-0.06333,-0.13972,-0.0461,0.18617,0.2531,0.08263,-0.07143,-0.00322,0.03221,0.0347,0.14776,0.07508,0.00646,0.14499,-0.03588,0.02296,-0.04599,-0.1586,-0.08245,-0.39934,-0.01588,0.08745,-0.13075,0.26093,0.05157,0.04312,0.87836,0.0711,-0.12546,-0.06958,-0.13503,0.02337,-0.02101,-0.06998,-0.02839,-0.19714,0.14934,0.08384,-0.00935,-0.0091,0.03845,-0.0055,-0.01954,0.15183,-0.16188,0.04405,0.07196,0.12427,-0.19479,-0.06132,0.02633,-0.09251,-0.02361,0.02669,-0.19358,-0.26653,-0.23483,0.02151,0.04211,-0.04177,-0.02262,-0.04997,0.15665,0.08881,0.09403,0.02529,0.25506,-0.11364,0.21164,0.14043,0.00199,0.09169,0.01074,-0.07809,-0.13372,0.17032
site-1_prs_pheno49,-0.09534,0.1623,-0.04991,-0.06386,0.11685,0.07906,0.118,-0.05792,0.14605,-0.08039,-0.07183,0.0769,0.07666,-0.06742,-0.10027,-0.00972,0.01991,-0.17419,0.02301,-0.13987,-0.14152,0.07235,-0.05813,-0.12987,-0.10635,-0.07987,0.00658,-0.08266,-0.05752,-0.09219,0.05744,0.10166,-0.01845,0.08998,-0.25474,0.1965,-0.07201,-0.02771,0.05583,0.1668,-0.06891,0.06286,-0.14817,0.97694,0.0666,0.01728,-0.00761,0.01383,-0.12908,-0.09713,0.10148,0.01179,0.09269,-0.02129,0.00763,0.00322,-0.03355,0.09074,-0.014,-0.01607,0.00119,0.03771,0.23271,0.10506,0.19109,-0.0254,0.05264,0.12964,0.13874,0.02974,-0.13101,-0.17889,-0.052,-0.01795,0.23037,0.00928,0.08523,0.01982,0.1049,-0.00821,0.03718,0.24799,0.04644,-0.23177,0.00818,0.16614,-0.05178,0.08058,0.0993,-0.21424,-0.01518,-0.19258
site-1_prs_pheno50,-0.00693,0.01396,0.03487,0.02833,-0.07612,-0.16401,-0.03633,-0.05798,-0.11789,0.03119,0.09445,0.02084,-0.06537,0.09049,0.05927,0.01008,0.016,-0.1043,0.03027,-0.00119,-0.11925,0.11251,0.03842,0.01274,0.02878,-0.0558,-0.13555,0.16467,-0.09363,0.03522,-0.04416,-0.12616,-0.03529,-0.00691,0.1618,-0.01302,-0.07859,0.32142,0.02396,0.01354,-0.02057,0.09682,0.0339,-0.09605,1.27269,-0.1113,-0.21075,-0.14765,-0.03076,0.03496,-0.00132,-0.0544,0.05488,-0.11839,0.01945,0.02938,0.01658,0.11657,-0.02264,0.07257,-0.03408,0.06519,0.18332,0.09533,0.03523,-0.19021,0.03368,-0.02775,-0.00481,0.02509,0.0623,-0.11995,-0.39367,0.00826,0.08769,-0.15755,-0.17148,-0.06783,-0.03146,0.0201,0.09588,0.00363,-0.06042,0.05428,0.04981,0.03145,0.0384,-0.04411,-0.07582,-0.14178,-0.16476,-0.02435
site-1_prs_pheno51,-0.08504,-0.07947,-0.08529,-0.10088,-0.11675,0.03004,-0.05936,0.00097,-0.06495,-0.17289,0.04285,0.00146,0.08479,-0.10135,-0.07984,0.06929,0.05543,0.06994,-0.0579,-0.08036,-0.14963,-0.15952,0.05895,-0.08605,0.01059,-0.09471,0.01377,-0.20358,-0.00098,-0.0916,-0.10943,0.00402,0.01734,0.20742,0.068,0.10102,-0.09166,-0.24918,-0.01095,0.01409,-0.00086,0.03958,-0.06629,0.04626,0.00316,1.74776,-0.04146,0.00571,-0.05789,0.14088,0.12502,0.02401,-0.11172,0.02857,0.05279,-0.17893,0.06388,-0.10951,-0.22084,0.07509,0.07637,0.07196,0.05877,0.02747,-0.05197,-0.13378,-0.02762,-0.11047,0.04462,-0.07736,0.09991,-0.08656,-0.07633,0.10337,0.04817,0.01784,-0.01042,0.00194,-0.04297,-0.21061,-0.01761,0.04765,-0.08101,-0.00115,0.09984,0.04037,0.00531,0.02106,0.04805,0.01837,0.20376,-0.08061
site-1_prs_pheno52,-0.03062,-0.02016,-0.12558,0.0145,-0.03842,0.01255,-0.08529,-0.03998,-0.05506,-0.00409,0.05467,0.01826,-0.06353,-0.03484,-0.0534,-0.02703,0.0225,-0.09055,0.11296,-0.1074,-0.02946,0.0591,-0.18648,-0.04231,0.01844,-0.06886,-0.05004,-0.05545,0.00407,-0.16355,0.08132,0.03967,0.01731,0.01516,0.11727,0.15512,0.162,0.10964,0.10276,-0.02891,-0.01273,-0.12408,-0.18304,-0.00776,-0.1196,0.14522,1.43643,0.16822,0.15534,0.04231,-0.02298,0.27274,-0.05064,-0.30549,0.04846,0.10778,-0.1694,0.17044,0.05791,-0.01095,-0.00775,-0.04311,-0.17961,-0.15142,0.07781,0.34252,0.08056,-0.15573,0.09385,0.00296,0.15734,-0.17307,0.01087,0.12046,-0.19006,-0.07168,0.15257,-0.08043,0.12843,0.10049,-0.03798,0.03249,-0.09928,0.08241,-0.21444,0.0818,-0.02462,-0.06275,0.0087,0.10559,-0.01162,-0.01177
site-1_prs_pheno53,-0.23534,-0.09625,-0.23801,-0.04367,-0.04994,0.00496,-0.0277,0.0217,0.00883,-0.10957,0.06234,0.03711,-0.06673,0.15007,-0.00443,0.04118,0.04165,-0.11889,-0.16158,-0.08254,0.0701,0.04161,0.05772,0.00673,0.05356,0.02389,-0.15015,-0.0289,0.15256,-0.10452,0.07307,0.01664,0.0567,0.01207,-0.24315,-0.04026,0.23349,0.26127,0.07873,0.11448,-0.06472,0.06386,-0.03472,0.03934,-0.14044,0.13697,0.22741,1.18098,0.06673,0.01053,0.1011,0.03117,-0.0925,0.05526,0.01275,0.02266,-0.19708,0.02025,-0.00341,0.08603,0.05968,0.05029,0.06651,-0.08082,0.0856,-0.09904,0.05235,0.00905,0.01089,-0.0159,-0.03856,-0.00342,-0.10077,-0.00262,-0.1519,-0.1394,0.17234,-0.03425,-0.0197,-0.10578,-0.16432,-0.00739,0.03357,-0.01619,0.04699,0.04395,0.04593,0.01134,0.05905,0.07701,0.05196,-0.01107
site-1_prs_pheno54,-0.25458,0.01222,-0.03653,-0.14294,-0.13921,-0.07298,-0.07157,-0.15306,-0.01891,-0.00682,-0.08115,-0.09251,-0.12662,-0.02985,-0.09595,0.02894,0.03467,0.14604,0.13193,0.00794,0.02748,0.00384,-0.0513,0.07495,-0.07024,0.01882,0.03865,-0.11599,-0.01363,-0.03381,-0.09091,-0.023,0.07549,-0.24739,0.26708,0.15907,0.17708,0.0546,0.01161,0.12555,0.05174,0.02416,0.06295,-0.04774,-0.1165,-0.00244,0.23061,0.04309,1.08367,-0.06699,0.00443,0.07481,-0.08102,-0.21728,-0.0965,-0.01409,-0.07128,-0.07519,-0.10353,-0.0005,-0.00181,-0.05733,-0.24613,-0.08197,-0.03027,0.00899,0.04528,-0.09594,-0.03875,-0.03042,0.06927,0.01208,-0.24741,-0.05801,-0.20169,0.07501,0.23175,-0.07302,0.02137,-0.00705,0.27182,0.03813,0.00346,0.07669,-0.04535,0.08969,-0.10198,-0.13367,-0.08657,0.16734,0.10115,0.08067
site-1_prs_pheno55,-0.10118,-0.11855,-0.00992,-0.07939,-0.04808,-0.0455,-0.02379,-0.22756,-0.07359,0.13926,-0.03108,0.07516,0.09913,0.0422,0.08991,0.02605,0.11596,0.06371,0.0865,0.05883,0.03331,-0.07352,-0.01048,0.02806,-0.01273,0.01234,-0.11556,0.0838,-0.10517,-0.0769,0.14638,-0.12294,-0.03062,-0.11496,0.01629,0.08192,-0.10219,-0.02494,0.09918,-0.08212,-0.11586,-0.04205,0.00752,-0.18924,0.01051,-0.01692,-0.06502,-0.09996,0.1098,0.73845,0.0016,0.19177,-0.02015,-0.04886,0.05323,-0.16831,0.01806,0.00732,0.01217,-0.12725,-0.06296,0.09762,0.00136,-0.18655,0.08685,-0.036,-0.07704,-0.03463,0.0411,0.06487,0.00139,0.18361,-0.22582,-0.01499,0.16144,-0.06216,-0.01373,-0.05036,-0.14165,-0.01383,-0.05066,-0.00547,-0.10423,-0.01878,-0.02999,-0.01553,0.08611,-0.19152,-0.05138,-0.01504,0.12456,-0.05764
site-1_prs_pheno56,0.14092,0.03708,-0.06539,0.06682,-0.15345,-0.0397,0.08493,-0.09703,0.03147,0.06848,-0.01564,0.02149,-0.07637,-0.0159,-0.06369,0.03274,0.06359,-0.07627,0.03801,-0.13716,0.01641,-0.15311,0.09181,-0.13494,-0.04857,0.14405,0.03445,0.05791,-0.09249,-0.12416,0.08001,0.02898,0.14796,0.00027,-0.09327,-0.01102,0.00567,0.08135,0.16731,0.02867,0.02275,0.12349,-0.1277,0.03907,0.08549,0.07992,-0.00567,-0.07631,0.04076,0.08122,0.76678,0.06985,-0.07445,0.19855,0.00921,0.04912,-0.10703,0.08848,-0.07445,-0.05084,0.09413,0.13449,0.0342,-0.12306,0.0618,-0.2544,-0.03886,-0.06296,-0.07013,0.03158,0.05678,-0.07328,-0.11063,-0.0745,0.04954,0.18593,0.2364,0.04256,-0.09264,-0.16975,0.07766,0.03215,-0.07984,-0.00602,0.09839,-0.12195,-0.0364,-0.14731,0.09365,-0.00205,0.20642,-0.12944
site-1_prs_pheno57,0.09946,-0.05225,-0.09726,-0.12002,-0.09673,-0.00052,-0.06067,0.0142,0.07076,-0.05105,0.00069,-0.01214,-0.09879,-0.13399,-0.04277,-0.05435,0.13563,0.09303,0.06629,-0.12094,0.07704,-0.02698,0.11451,0.05266,-0.04136,0.04269,-0.04464,-0.14243,-0.13735,-0.05552,0.17526,-0.02506,0.04535,0.0886,-0.00034,0.04661,0.13359,-0.03625,0.14661,-0.03186,-0.01518,-0.13936,-0.10443,-0.0211,0.11173,-0.01764,0.20079,0.09925,0.18383,0.06237,-0.08241,0.93986,-0.19725,-0.23325,0.11829,-0.09907,-0.10726,-0.15187,0.08101,-0.1229,-0.07308,-0.12157,-0.04317,-0.01042,-0.01744,-0.06762,-0.15452,-0.06501,0.05847,-0.11817,0.13687,0.04921,0.01774,0.16333,-0.04926,0.04641,0.33592,0.01307,-0.10052,0.03803,0.01835,-0.01318,-0.13551,0.091,-0.16035,0.06276,0.03858,-0.18458,0.10487,0.07171,0.08284,-0.01299
site-1_prs_pheno58,0.05649,-0.24704,-0.13209,0.1158,0.04927,-0.12987,0.06373,0.10441,0.06664,0.21682,0.01812,-0.06217,-0.03052,0.07694,0.02319,0.03983,0.01114,0.07584,-0.02874,0.011,0.02425,0.09304,-0.14813,0.06313,0.10354,-0.00166,-0.07438,0.0547,-0.05122,-0.01354,-0.01338,0.00652,-0.1277,0.0848,-0.10523,-0.02983,0.00472,0.06272,0.02338,0.08063,-0.04217,-0.06188,0.0625,0.20529,0.06889,-0.07159,0.09387,0.23049,0.12784,0.03544,0.0717,0.05207,-0.0426,-0.30976,0.21256,0.02515,0.00521,-0.05591,0.07203,0.09346,-0.01088,0.03811,0.14941,0.03294,0.00432,-0.22831,-0.12815,0.07484,-0.00644,-0.00776,0.16049,-0.30077,-0.14121,0.05436,-0.07427,-0.04536,0.0721,-0.0395,0.03479,0.17488,-0.00957,-0.08023,-0.13718,0.06064,-0.10974,0.12117,0.13092,0.01054,0.07704,0.02219,-0.14453,0.08416
site-1_prs_pheno59,-0.09729,0.12919,0.08442,-0.16021,0.0391,0.06987,-0.03639,-0.14059,0.12462,-0.18657,-0.07147,-0.17453,0.08352,0.05923,-0.10169,-0.17721,-0.08877,0.03989,-0.1142,0.18813,-0.03518,-0.19061,-8e-05,-0.02993,-0.13852,-0.04996,-0.1233,0.0149,0.23554,0.06874,-0.08416,-0.03738,0.02992,0.00967,0.09001,-0.03079,0.07872,-0.09247,0.08303,-0.01236,0.03546,-0.02297,-0.08808,0.09094,-0.09206,-0.16524,-0.09957,-0.11111,-0.01394,0.00036,0.01322,-0.04497,0.98071,0.11514,-0.19746,-0.05465,0.26257,-0.01604,0.06649,-0.05982,0.04704,-0.13222,-0.05588,-0.05522,-0.08961,0.13373,-0.02003,-0.04176,0.0323,0.08413,-0.05611,0.05561,-0.11569,-0.04392,0.17846,0.1645,-0.02342,-0.14778,0.03732,-0.08625,0.0148,0.04658,0.16709,0.04447,0.1003,0.04854,0.02897,0.17725,-0.07801,-0.03504,-0.01143,0.02929
site-1_prs_pheno60,0.16929,0.12774,0.04068,-0.09853,0.09057,-0.04072,0.04736,0.04574,-0.06089,-0.1355,-0.05226,0.05174,-0.09835,0.06934,-0.15393,-0.06888,0.0027,-0.03419,-0.1464,-0.08898,0.06107,-0.14345,-0.01403,-1e-05,0.00385,0.05935,0.10089,0.15148,0.03826,-0.02378,-0.04219,-0.01401,-0.03701,0.1323,-0.02266,-0.13082,0.08723,0.02494,0.02924,-0.06506,0.04117,0.09362,0.00847,0.02522,0.06595,0.00556,-0.20873,-0.01508,-0.27937,-0.01063,0.05109,-0.11916,-0.03872,1.22218,-0.17602,-0.11962,-0.05876,-0.02771,0.05936,0.04744,-0.04635,0.02133,0.02156,0.04533,-0.05933,0.00312,0.20332,0.19367,-0.18255,-0.09619,0.06146,0.02123,0.00476,-0.09368,0.1312,0.04489,-0.15402,0.09989,-0.10166,-0.07712,-0.0975,-0.03956,-0.00079,0.04738,-0.01609,0.06553,0.03855,0.1447,0.02679,-0.06068,-0.21427,0.00874
site-1_prs_pheno61,0.12606,-0.10141,-0.10902,-0.0476,-0.02107,0.07516,-0.01319,0.09941,0.03676,0.22193,0.05532,-0.02069,0.05731,-0.07548,0.03809,0.01721,0.04016,0.03088,-0.03728,-0.12744,0.07434,0.0136,-0.36212,0.07135,0.08716,0.12654,-0.07734,-0.29496,0.00172,-0.1372,0.11762,0.02446,-0.08853,0.06822,-0.07907,-0.01646,0.01641,-0.00551,0.00882,0.16685,0.00695,0.01325,-0.00368,0.06035,0.08323,-0.23365,0.00904,0.01143,-0.12778,-0.0605,-0.01623,0.07589,-0.09724,-0.05252,1.35762,-0.04475,0.18756,-0.02032,0.16447,-0.12091,0.01422,0.10277,-0.12167,-0.01221,0.12915,0.01314,-0.0676,-0.07222,0.03226,-0.0611,-0.02462,0.00772,0.00639,0.01626,-0.09889,0.02799,0.11821,-0.00888,0.09943,0.09842,0.13471,0.21622,0.03744,-0.02081,0.00202,-0.07566,0.05523,-0.0147,0.17859,0.02034,0.04478,-0.05785
site-1_prs_pheno62,-0.06735,-0.123,-0.0119,0.03532,0.02871,0.05009,0.08286,0.15479,0.01453,0.18884,-0.11222,0.08902,0.1621,-0.01972,0.00868,0.02607,-0.16976,0.00925,-0.05179,-0.05614,-0.21841,0.05178,0.00831,0.06806,-0.03483,0.12587,0.02801,0.07875,-0.00498,0.00045,0.12618,0.0419,0.02582,0.12273,0.08862,0.09402,-0.03656,-0.23096,-0.0112,0.04719,0.06947,0.09209,-0.00943,0.07729,-0.03705,0.14659,0.02997,-0.03782,-0.07942,-0.00615,0.10921,-0.08684,-0.14826,0.01656,0.07086,0.92639,-0.17234,-0.00967,-0.06145,0.01144,0.2132,-0.02593,0.18512,0.11299,-0.01425,0.05223,0.12219,0.11978,-0.01231,-0.15645,0.07833,-0.12881,0.09109,0.01575,-0.24283,-0.01908,0.14558,0.08016,0.03388,0.13957,-0.02388,0.04371,0.00088,0.10999,-0.05954,0.05658,-0.03911,-0.01085,-0.00339,0.03848,0.14259,0.04183
site-1_prs_pheno63,0.13174,-0.09179,0.15625,-0.08397,-0.02398,0.08438,-0.15631,0.13223,0.0933,-0.02572,-0.09438,-0.02644,0.16094,0.11531,-0.05731,-0.00184,0.00596,0.11261,0.10452,0.18576,0.09194,-0.10656,-0.10346,0.01998,-0.08008,0.00518,-0.15093,-0.28918,-0.06845,0.08909,-0.12369,0.11708,0.11937,0.02295,0.14744,-0.08754,-0.08034,-0.11216,-0.04009,-0.10409,-0.07528,-0.00031,-0.08209,0.07633,0.03922,-0.00396,-0.05579,0.05373,-0.05052,-0.03774,-0.03622,0.02646,0.2173,-0.19653,0.03013,-0.05373,1.022,-0.07686,-0.07987,-0.08575,-0.11856,-0.11016,-0.03286,-0.09677,-0.18266,-0.15746,0.06022,-0.02069,0.06365,0.02577,-0.00054,0.05753,0.14696,0.11961,-0.05875,0.25333,0.09237,-0.02058,-0.0697,-0.22474,0.04885,0.16051,0.08523,-0.05278,0.01716,-0.19174,0.12024,0.03015,0.06904,0.08275,0.00061,-0.00965
site-1_prs_pheno64,-0.00866,0.04442,0.03072,0.05322,0.12231,-0.04855,0.0974,0.08674,-0.1092,0.15661,0.07642,-0.0001,0.0193,-0.05468,-0.11691,-0.01651,0.00029,-0.03787,0.00738,-0.15171,-0.18118,-0.07635,-0.06994,0.04661,0.04707,0.0738,0.03212,0.10204,0.11783,0.07064,-0.02372,-0.00298,-0.04658,-0.09336,0.10253,-0.19468,-0.0566,0.07295,0.16223,-0.07052,-0.02183,-0.01033,-0.12929,-0.00612,0.07701,-0.07502,0.04574,-0.12165,0.02465,-0.11999,0.01287,-0.04924,0.10167,-0.04568,0.08394,0.14084,-0.30751,0.98789,0.08059,0.08757,0.15328,0.09667,0.16334,0.19426,0.13774,0.07767,0.2125,0.03599,-0.10947,0.09685,0.08983,-0.17825,0.09061,-0.11326,-0.0676,0.20394,-0.10436,0.06677,0.12734,-0.01511,-0.11608,0.04595,0.07275,0.01464,-0.04459,-0.15312,-0.17152,0.09713,-0.06457,0.02339,-0.01658,0.09471
site-1_prs_pheno65,0.14015,-0.02714,-0.1234,0.04603,0.00554,0.08603,0.08331,0.01906,0.02252,-0.0059,-0.05387,-0.02396,-0.00594,-0.11271,0.09331,3e-05,-0.00431,0.14246,0.08989,-0.16104,0.12423,0.04623,-0.29121,-0.01749,0.00971,0.06289,-0.15276,-0.01848,0.14383,0.05545,0.24378,0.01232,-0.03594,0.03223,-0.08388,0.05323,0.13837,-0.0444,0.0006,0.06302,-0.02835,-0.10298,0.03546,-0.02222,0.17312,-0.24219,0.16406,-0.00808,0.0328,0.11922,-0.10013,0.22414,-0.07292,0.10701,0.32529,-0.0633,-0.01968,-0.03107,0.83684,-0.15342,-0.00408,-0.04568,-0.26711,-0.07128,0.18102,0.26599,0.04429,-0.04786,0.05287,0.01093,-0.06438,0.01046,0.06445,-0.03009,0.01532,-0.01009,0.09741,0.08558,0.07092,0.08398,0.03331,-0.00946,-0.23435,0.0013,-0.03398,-0.01887,0.01811,0.05041,0.16926,-0.06614,0.00679,-0.06369
site-1_prs_pheno66,0.02426,-0.04265,-0.01285,-0.09603,-0.05108,0.0057,0.02488,-0.08669,-0.21738,-0.06228,0.0069,0.17133,-0.11583,-0.03464,-0.0006,-0.06426,-0.07741,-0.1006,-0.09324,-0.0608,-0.09857,-0.01563,0.12742,-0.0148,-0.04161,-0.02118,0.02228,0.16609,-6e-05,0.06812,-0.05723,-0.04931,0.04744,-0.06813,0.05928,-0.12704,-0.01874,0.05619,-0.0007,0.05176,0.06424,0.04998,0.11604,0.0484,-0.0308,-0.0539,0.02958,-0.00554,-0.08087,-0.11914,0.0694,-0.14078,0.05972,0.02928,-0.29029,0.17388,-0.16223,0.23399,-0.06537,0.91076,-0.01655,0.17258,0.1855,-0.00042,-0.19391,-0.12371,0.16543,-0.02481,-0.01671,0.02063,0.05786,-0.07092,-0.00293,0.02966,-0.1299,0.09919,-0.1706,-0.00778,-0.0009,-0.0124,0.07431,0.01055,0.19878,-0.12984,0.00885,-0.01882,0.20984,-0.00891,-0.03729,0.02038,0.07251,0.1828
site-1_prs_pheno67,-0.01538,0.11049,0.03466,-0.04698,-0.02786,-0.05558,-0.00981,0.06775,0.04924,-0.19162,-0.09217,-0.12263,-0.04062,-0.11284,-0.02828,0.0919,-0.17853,0.01229,-0.14019,-0.2278,-0.04299,0.15214,-0.01704,-0.01513,0.03943,0.04531,0.08913,0.08502,0.09739,-0.16806,-0.04682,-0.04631,-0.00212,0.10551,-0.04296,0.01733,0.14063,-0.10648,0.06268,0.05528,0.05342,0.07397,-0.09226,0.07318,-0.03007,0.21396,0.03927,0.01094,0.00022,0.0109,0.07257,0.00398,-0.03894,-0.08675,0.11778,0.24027,-0.11229,0.05784,0.07087,-0.13698,0.68778,-0.32308,0.05082,0.21135,-0.02235,0.01799,-0.02562,-0.04333,0.1982,-0.2367,0.09015,-0.14121,0.07008,-0.03209,-0.14699,-0.04392,0.01235,0.05865,-0.07606,-0.02981,-0.02674,-0.16919,0.00533,-0.02288,-0.03326,0.24302,0.03159,0.07871,0.08549,0.04234,0.16868,-0.12693
site-1_prs_pheno68,0.15352,-0.1899,-0.07085,0.04799,-0.10151,0.00725,0.13894,0.13746,-0.13998,0.2898,0.17864,0.04886,-0.14888,-0.04284,0.08297,0.11576,0.03912,0.07471,0.13193,-0.06957,0.05133,-0.0343,-0.04246,-0.04445,-0.03796,0.08013,-0.0406,-0.02226,-0.26494,-0.00476,0.02257,0.07711,0.07069,-0.15247,-0.00642,0.03228,-0.22033,0.11452,-0.03668,-0.09831,-0.10578,0.02535,0.02069,-0.05952,0.14841,-0.10544,-0.03622,-0.04577,-0.15076,0.01016,0.12853,-0.01482,-0.11826,0.21521,0.02385,0.10139,-0.05721,0.11428,-0.07608,0.10496,-0.17255,0.79456,0.153,-0.00901,-0.03497,-0.08005,0.1466,0.02222,-0.14669,0.13785,0.05842,-0.00581,0.10149,-0.00728,0.01787,0.17813,0.05917,0.00518,0.06944,0.02538,0.12884,-0.00381,-0.14112,-0.02761,-0.06084,-0.19338,-0.1082,-0.10325,-0.01065,0.01809,0.03199,0.10428
site-1_prs_pheno69,-0.01608,-0.01308,0.07798,0.08147,0.05806,-0.03977,0.09634,-0.01716,-0.04913,-0.03516,-0.1778,0.13458,-0.0445,-0.01029,0.10336,-0.04267,-0.00618,-0.0145,-0.0365,-0.00156,-0.09264,-0.03188,0.14883,0.0137,-0.05255,-0.02563,0.06896,0.09019,-0.15307,0.14405,0.06721,-0.06111,0.05722,0.11457,0.04844,0.04643,-0.05042,0.05403,-0.08894,-0.11578,0.08348,0.06936,0.02449,0.08082,0.00727,-0.00158,-0.20693,0.01804,-0.12777,-0.03145,0.05333,-0.02855,0.09762,-0.13098,0.02863,0.11197,0.0347,0.12387,-0.11305,0.05048,-0.01961,0.14093,0.93492,0.17834,-0.05599,-0.20467,0.07969,-0.01528,-0.04541,0.01913,0.05537,-0.09478,-0.19251,-0.04897,-0.01442,-0.13053,0.03915,-0.1126,0.0469,0.09462,-0.01617,0.04666,0.17458,-0.04551,-0.00157,0.15903,0.06675,-0.03731,-0.01202,-0.07644,0.06105,0.15723
site-1_prs_pheno70,-0.16341,-0.05751,-0.09094,0.07093,0.08585,0.16532,0.17168,-0.02068,0.12245,-0.00567,0.09497,0.01377,-0.01602,0.10299,-0.06819,-0.02487,-0.01357,-0.01785,0.11025,0.14346,-0.16485,0.06156,-0.192,-0.00456,-0.10122,0.02088,-0.10706,-0.00156,-0.05802,-0.005,0.07834,0.00537,0.09458,-0.0567,-0.0311,0.3272,-0.13072,0.03069,0.04638,0.00091,-0.0561,0.05043,-0.05163,0.24784,0.11765,0.00673,-0.0082,-0.18013,0.02021,-0.09363,-0.01948,-0.06023,0.22512,-0.15299,0.02779,0.09444,0.04697,-0.00315,0.04187,-0.10906,-0.00056,-0.00396,-0.13166,0.12665,0.2465,0.06534,-0.0097,-0.00492,0.00576,0.0614,-0.09433,-0.12171,-0.2926,-0.26269,0.14641,-0.00247,0.0295,-0.0482,0.12632,0.05023,-0.02577,0.08981,-0.06762,-0.05604,0.01957,-0.0212,-0.18625,-0.04337,-0.11792,-0.07976,-0.02861,-0.04136
site-1_prs_pheno71,0.05661,-0.12557,-0.06784,-0.10011,0.01842,0.01657,-0.01638,0.14015,-0.00143,-0.25237,-0.14238,0.0182,-0.02988,0.01609,-0.00295,0.04467,-0.12301,0.05338,0.15116,-0.05297,0.21683,-0.00944,-0.05248,0.02631,-0.18137,-0.00625,-0.13494,-0.15239,-0.1569,-0.04914,0.02303,0.05364,0.09185,-0.08877,0.15435,0.18094,0.01283,-0.20955,-0.03015,-0.14627,-0.00013,-0.07639,0.13395,-0.03919,-0.0833,0.02293,0.0229,0.03724,-0.03084,0.00945,-0.01833,-0.0313,0.00307,-0.163,-0.16065,0.1472,0.09768,0.12249,0.03695,-0.02534,0.09992,-0.05556,0.13799,0.85134,-0.03807,0.12325,0.3519,0.04811,0.05219,-0.04091,-0.09901,0.02767,0.20468,-0.26343,-0.18695,-0.10167,-0.07128,0.03167,0.03797,-0.03896,-0.04443,-0.08179,0.03763,-0.08558,-0.08369,-0.04707,-0.06936,0.06597,-0.01361,-0.07579,0.16523,0.01615
site-1_prs_pheno72,0.0809,-0.0777,-0.04849,-0.02967,-0.06437,0.02631,0.05765,-0.05193,0.10438,0.06087,0.0243,-0.04064,0.05708,-0.07605,0.01485,0.09507,0.00044,0.01133,0.12258,-0.02567,-0.047,-0.11087,-0.26062,0.04739,0.01759,0.00418,-0.13713,0.01155,0.03128,-0.16675,0.21575,0.01879,-0.07748,0.01629,-0.22754,0.1728,-0.02336,0.14583,-0.05144,0.06704,-0.16007,-0.07474,-0.1356,0.13815,-0.0051,-0.31027,0.04979,0.01374,0.11937,0.06736,-0.10705,0.02984,0.08304,0.01571,0.21249,-0.04726,-0.04298,0.06351,0.20612,-0.10901,0.05293,0.014,-0.20973,-0.09859,0.85094,0.16819,0.16889,-0.01307,0.14028,0.09362,-0.11205,0.14159,-0.16341,-0.06811,0.10587,0.03292,-0.14398,-0.03391,0.09416,0.01237,0.05965,0.06363,-0.19768,-0.19707,-0.31915,-0.00401,0.02287,-0.03964,0.07215,-0.07271,-0.0603,-0.01652
site-1_prs_pheno73,-0.07442,-0.09434,-0.00252,-0.07779,-0.00533,0.05714,-0.02957,0.01527,0.10619,0.07983,-0.14196,-0.09299,0.02764,-0.05485,-0.08308,-0.04688,-0.08369,-0.06393,0.0184,-0.0571,-0.10489,0.06364,-0.29538,0.07684,-0.0972,0.01201,-0.20061,-0.14031,0.12026,0.00826,0.12637,0.01851,-0.01847,-0.00523,0.06907,0.32266,0.03402,-0.14044,-0.00533,-0.0486,0.03026,-0.07386,-0.12016,0.09238,-0.10703,-0.09078,0.34226,0.06111,0.09443,0.04215,-0.12249,0.10869,0.12906,0.12208,0.17847,0.09647,-0.07868,0.05616,0.09937,-0.08715,0.12178,0.02406,-0.11661,0.10949,0.22521,1.0149,0.22672,0.14836,-0.01376,0.02496,0.03825,0.16689,0.06015,-0.1494,0.01547,-0.06127,0.07901,-0.08735,0.14215,0.09844,-0.02863,0.08408,-0.02955,-0.11227,-0.16139,0.01204,-0.07667,0.11663,-0.03529,-0.06052,-0.01162,-0.13517
site-1_prs_pheno74,0.07887,-0.09356,0.06308,-0.09053,0.01074,0.02012,-0.09033,0.03028,0.00675,-0.01328,-0.09233,-0.03703,-0.1136,-0.0186,-0.16792,0.03528,-0.01433,0.19558,0.17235,0.01803,0.17543,-0.07358,-0.35013,0.04484,-0.13717,-0.01264,-0.24897,-0.1576,-0.00661,-0.03218,-0.11979,-0.00074,0.00627,-0.16755,0.07245,-0.01118,0.07511,-0.02229,-0.03093,-0.17986,-0.06207,-0.14909,0.04669,-0.03922,0.03169,-0.07606,0.1689,0.19342,0.0634,-0.05242,0.02372,0.00159,-0.00099,0.20139,-0.19057,-0.05174,0.02766,0.21465,-0.0225,0.08736,0.01375,0.0551,-0.04803,-0.05586,-0.03255,0.20154,1.14584,0.01557,-0.0663,0.0547,0.0507,0.12297,0.20837,-0.10284,-0.06533,0.02252,-0.14492,-0.00087,0.02705,-0.00265,-0.03517,-0.13216,-0.00047,-0.1103,-0.07056,-0.07567,0.03456,0.01465,-0.0845,-0.0619,0.04332,0.0142
site-1_prs_pheno75,-0.13939,-0.00045,-0.02137,0.05187,0.02527,0.0375,0.14619,0.03782,0.11701,-0.00176,-0.00416,0.08578,-0.10318,0.04798,-0.13145,0.006,-0.00661,-0.07603,-0.02364,-0.08351,0.06764,0.04374,0.04306,0.13774,-0.01015,0.15612,0.00513,0.059,0.04136,0.12747,-0.20369,-0.09833,-0.07162,0.21541,-0.03835,0.26977,-0.2157,0.02362,-0.14037,-0.1808,-0.11372,-0.00393,-0.15387,0.09207,0.08745,-0.21651,-0.12922,-0.02954,-0.32862,0.00562,0.05523,-0.21781,0.0196,0.23609,-0.11616,0.06351,0.05632,0.02809,0.00923,0.02716,-0.02583,0.1214,0.02377,0.06187,0.08827,0.15134,0.08055,0.84299,-0.04716,-0.03713,0.05842,-0.04278,0.30273,-0.18912,0.10767,-0.01862,-0.16444,0.04796,0.05509,-0.05745,-0.02015,0.08412,-0.22317,-0.11929,0.06528,-0.31864,-0.08507,0.15618,0.00839,-0.03986,-0.10192,0.06893
site-1_prs_pheno76,0.0488,0.0391,0.04238,0.08728,-0.00873,0.00072,0.03565,0.06324,-0.1034,-0.12656,-0.02291,0.03033,0.14609,-0.04324,0.05445,0.12168,-0.09717,-0.0773,-0.17194,0.1089,-0.15417,-0.04574,-0.01195,0.04658,0.17921,-0.05416,0.14954,0.23446,0.01864,0.07604,-0.01116,-0.02222,-0.11929,0.1501,-0.14163,-0.20979,-0.05839,0.08792,-0.1556,0.04703,-0.01956,0.0145,0.04833,0.10828,0.08534,0.01857,-0.10839,-0.10845,-0.12632,0.00823,-0.10786,-0.03831,0.02448,-0.01401,0.04791,-0.0398,-0.01224,-0.17992,0.00068,-0.05571,0.08048,-0.16562,-0.02785,0.01955,0.21882,-0.10505,-0.14522,-0.05457,0.73568,0.04039,-0.06004,-0.09081,-0.23963,0.16458,-0.01055,0.00839,-0.0034,0.02797,0.05026,0.02394,0.04232,0.05757,-0.16302,-0.23011,-0.02402,0.11196,0.06729,-0.04455,0.12374,-0.01635,-0.02717,0.04346
site-1_prs_pheno77,0.05809,-0.15025,0.00492,0.07479,0.00382,-0.00417,-0.07572,0.10565,-0.00919,0.08071,0.0378,-0.12815,0.03367,0.03204,0.03986,0.01366,0.02259,-0.01186,-0.11558,0.16975,-0.21873,0.07293,-0.21385,0.07206,0.0244,-0.03065,-0.21518,-0.03984,-0.12872,-0.04796,0.05157,0.15077,-0.13018,0.00688,0.17098,0.2054,-0.21217,0.07102,-0.03378,0.13666,0.11356,0.06731,-0.09879,0.11719,0.07481,-0.00927,0.03619,-0.09554,-0.10056,-0.01221,0.04163,-0.12559,-0.07242,-0.06909,0.08397,-0.08946,0.1748,0.05976,-0.0479,0.04353,-0.02218,0.11952,0.01879,-0.06585,0.173,0.13336,0.21002,-0.01997,-0.00597,0.74877,-0.01696,-0.01555,0.03491,-0.05414,-0.19752,0.04063,-0.04659,-0.02601,0.05275,0.09637,-0.02481,0.14733,-0.14025,-0.09139,-0.05796,-0.04976,0.1284,0.04852,-0.06497,-0.17939,-0.04703,-0.14558
site-1_prs_pheno78,-0.133,-0.0093,0.16021,-0.10382,-0.14379,-0.13127,-0.1452,-0.06761,0.06523,-0.05129,-0.05097,-0.21402,-0.03417,-0.00573,-0.16192,-0.04078,-0.17673,0.28609,-0.03767,0.22089,0.01049,-0.13434,0.01219,0.09839,0.08041,0.00292,0.19082,-0.1646,0.10709,0.02157,0.0108,-0.0624,0.05439,0.06525,0.19874,-0.09564,0.09126,-0.11482,-0.14694,-0.05875,0.02941,0.07941,-0.11079,-0.0384,-0.07317,0.13769,0.11398,-0.16451,0.01909,0.1039,0.01658,0.09525,-0.06571,-0.0256,0.00589,-0.09925,0.02519,-0.01414,-0.0826,0.0298,0.17162,-0.00431,-0.0232,-0.04161,-0.22156,-0.02593,0.03125,-0.05607,-0.02804,-0.08833,1.0759,-0.01997,0.1337,-0.0778,-0.17618,0.1563,0.08865,-0.04218,-0.12308,0.02934,-0.01464,-0.15105,0.1506,0.13151,0.03875,0.10784,0.12049,-0.0537,-0.0351,0.14671,0.12337,0.05219
site-1_prs_pheno79,-0.06673,0.1646,0.10155,-0.21016,-0.13511,0.03812,-0.11142,-0.16941,-0.04889,0.04729,-0.0713,-0.02774,-0.04569,0.0465,-0.0248,-0.02818,-0.14479,-0.03586,-0.06041,0.06122,0.04946,-0.05448,-0.02921,-0.03825,0.04159,-0.00074,-0.05661,-0.08466,0.03123,-0.14128,-0.10488,0.03836,-0.02708,-0.03267,-0.01878,-0.03389,0.02071,-0.03248,-0.03722,-0.01582,0.04391,0.05874,-0.07364,-0.11349,-0.02434,-0.18118,-0.02364,-0.10757,-0.01415,-0.03441,-0.09791,-0.06869,0.03574,0.2254,-0.0542,-0.13382,0.1004,-0.09071,-0.01553,-0.02924,-0.03772,0.00855,-0.20099,-0.08047,0.07647,0.17393,0.01599,-0.02859,0.0207,-0.014,-0.09406,0.93555,-0.11289,-0.07515,0.13109,0.13311,-0.14959,-0.09911,-0.0747,-0.06177,0.01615,0.05583,0.15868,-0.15207,-0.06846,-0.12408,0.08179,0.03919,-0.05585,0.03463,0.04057,-0.07006
site-1_prs_pheno80,-0.03319,0.1332,0.11493,0.01449,0.05605,0.03593,-0.06837,0.12893,0.02908,0.00118,0.08352,-0.01637,0.02925,-0.05365,-0.07243,0.03397,-0.01615,-0.07187,-0.18189,-0.08529,0.06267,-0.06702,0.12219,0.07005,0.03121,0.02722,0.05922,0.0683,-0.0847,-0.04714,0.02445,-0.05253,-0.08838,0.17802,-0.13875,0.02499,-0.01152,-0.21599,0.16316,-0.15453,-0.02329,-0.12995,-0.14106,-0.01632,-0.10478,0.01552,-0.00449,-0.01742,-0.19294,0.01841,0.01167,-0.03731,0.08012,0.05354,-0.15592,-0.01753,-0.04742,0.13339,-0.05275,-0.01115,0.03273,0.01773,0.08549,0.04036,-0.12121,0.26997,0.03723,0.08103,-0.03836,-0.02247,0.04553,0.10724,1.44346,0.10467,-0.08975,0.0921,0.03809,0.02614,-0.00913,0.06732,-0.10455,0.01681,0.05309,0.01643,-0.12404,-0.22852,-0.1007,0.04212,-0.05327,-0.00359,-0.03389,0.13927
site-1_prs_pheno81,-0.03956,-0.09635,0.00674,0.04465,-0.12084,0.10334,-0.14949,-0.10446,-0.0292,0.15279,0.05329,0.12599,0.00651,-0.02359,-0.1157,0.06931,-0.03091,0.06319,-0.04483,-0.02181,0.0847,-0.06063,-0.02975,-0.04446,0.07959,0.08793,0.1769,-0.07946,0.16731,0.19165,0.07691,-0.08081,-0.05048,0.07583,-0.07913,-0.20978,0.08123,0.01444,-0.1991,0.0672,-0.01924,0.01678,0.04431,0.03928,0.12813,0.07725,0.10583,0.13811,0.06366,-0.05795,0.00554,-0.02339,0.0398,0.08029,0.20028,-0.11209,0.0127,-0.17081,-0.1091,0.06854,-0.09023,0.01282,-0.11542,-0.15873,-0.08617,-0.01672,-0.09491,0.02612,0.04378,0.027,0.12383,-0.08516,0.15106,1.19144,0.01264,0.20594,0.14198,-0.11082,0.02764,0.04421,0.18055,0.13829,-0.0939,-0.01593,0.07923,-0.11689,0.2899,-0.04748,0.0812,0.07979,-0.0192,0.06514
site-1_prs_pheno82,-0.04585,0.06417,0.0623,0.06072,-0.02615,0.08078,0.08817,-0.10917,0.01969,0.05452,0.07309,-0.07181,0.007,0.06679,-0.01196,-0.03914,0.07024,0.11602,-0.23707,0.09886,0.04705,-0.09065,0.01106,-0.09225,-0.04311,0.09093,0.11595,-0.0036,0.11623,-0.0638,0.06881,-0.09114,-0.03951,0.02123,-0.16424,0.07399,-0.05238,0.08521,0.06298,0.04754,-0.01506,0.08077,0.1009,0.11995,-0.0962,0.10198,-0.19542,0.00441,-0.00622,0.16769,0.01472,0.10665,0.18517,0.26894,0.09144,-0.16586,0.09416,-0.17777,-0.02084,-0.14401,0.01951,-0.02654,0.06187,-0.05356,0.0584,-0.01675,-0.10167,0.06996,-0.0847,0.03906,0.0042,-0.03622,-0.13167,-0.05275,1.10201,0.10175,0.09121,0.02799,-0.12035,-0.03285,-0.07447,-0.12936,-0.1251,0.07961,0.29171,0.09881,0.03527,-0.06625,-0.03616,-0.07095,-0.10474,-0.00796
site-1_prs_pheno83,-0.00214,-0.10294,0.19567,-0.00049,0.04645,0.05044,-0.01927,0.05145,0.04587,0.06193,-0.03239,0.13336,0.02116,-0.11073,-0.10319,0.00057,0.10027,0.21168,0.0282,0.12135,-0.01281,-0.23309,-0.09155,-0.02957,-0.16515,0.08449,0.02596,0.00376,-0.01341,0.04301,0.08739,0.10434,0.05816,-0.07573,0.07592,-0.10662,-0.04009,-0.06225,0.10858,0.02359,-0.01536,0.02091,-0.13312,0.26748,0.0997,0.02229,-0.05254,-0.16973,0.04113,-0.0938,0.07664,0.03718,0.23241,-0.05983,-0.04341,0.029,0.07676,-0.07754,-0.05228,-0.09804,-0.1165,0.05709,-0.03361,-0.08801,-0.01512,-0.04231,0.05639,-0.04821,0.02516,0.13915,0.1122,-0.02474,0.09108,0.11069,0.02974,1.15818,0.28766,0.00754,0.02033,-0.0543,0.09081,0.254,0.00855,-0.05312,-0.06622,-0.17747,0.10004,-0.00871,-0.05511,0.06561,0.0132,0.05319
site-1_prs_pheno84,-0.07653,-0.0573,-0.05822,0.09318,0.02697,-0.02023,0.03226,-0.01613,-0.04166,0.20833,-0.05923,-0.00194,-0.00501,-0.09787,0.06456,-0.0522,0.07267,0.0752,0.1501,0.04895,-0.11522,-0.08317,-0.02716,-0.05783,-0.10383,0.03308,0.03221,0.05937,-0.05764,0.11729,0.28511,0.14995,0.07746,-0.04345,0.13623,0.18424,-0.01224,-0.0958,0.22598,0.03559,0.18677,0.01745,0.00142,0.16336,-0.24238,0.08194,0.03612,0.05665,0.2477,0.02873,0.15314,0.11905,0.03163,-0.17859,-0.02087,0.10676,-0.09643,-0.18812,-0.00172,-0.07211,-0.08679,0.03278,0.00413,0.05177,-0.14691,-0.11596,-0.14732,-0.10679,-0.06711,0.0171,0.08484,-0.07903,-0.0836,-0.06197,-0.09661,0.2005,1.03625,0.03427,0.01961,0.22497,0.17168,0.11655,0.09501,0.11317,0.03211,0.08075,-0.05629,-0.11955,-0.00073,0.08619,0.02534,0.07452
site-1_prs_pheno85,-0.13218,-0.14587,-0.14774,0.12775,0.17488,0.02268,0.04686,0.05934,-0.05408,-0.04736,0.04695,0.08301,-0.0668,-0.0423,0.18293,0.20423,0.0415,0.10237,-0.09583,0.0745,-0.06179,0.10705,0.21721,0.00781,0.07667,0.1828,0.05639,-0.06842,-0.07462,-0.10528,0.22076,0.07043,0.03737,-0.01333,0.07761,0.06825,-0.16584,-0.04254,0.01154,-0.0013,0.09081,-0.01456,0.01786,0.08399,0.08741,0.24983,-0.02521,0.13628,-0.07607,-0.01976,-0.12035,-0.01269,-0.18653,-0.09266,-0.05833,-0.02097,0.0571,-0.00193,-0.03768,0.07239,-0.01841,0.04167,0.21383,-0.01415,-0.05373,-0.19831,-0.0468,-0.05182,-0.08896,0.11443,0.01086,-0.13465,0.17854,0.08391,-0.11243,-0.05513,0.15291,0.91929,0.05371,0.16959,-0.02926,-0.0304,-0.19796,0.0372,-0.01343,-0.00121,0.12329,-0.06198,0.04797,0.04879,0.05835,0.14563
site-1_prs_pheno86,-0.1326,-0.00963,-0.15778,-0.00337,0.08566,0.17803,0.20749,0.08524,0.00145,-0.16003,-0.01222,0.08165,-0.20096,-0.03184,-0.06389,0.03491,-0.00861,0.02026,-0.08564,-0.05606,-0.20305,0.12345,-0.02183,0.12118,-0.05309,0.06871,0.02021,0.07927,0.11203,-0.00816,-0.06154,-0.05112,0.05218,0.09764,0.12494,0.0552,-0.02736,0.14685,-0.08264,0.08841,0.09679,-0.06404,0.13675,0.13163,0.07576,-0.00586,0.07545,-0.05235,-0.01923,-0.1392,-0.11446,-0.04773,0.01078,0.07722,-0.00255,0.2271,0.08747,0.14884,0.03831,-0.06348,-0.06372,-0.04444,0.08321,0.14448,0.10732,0.10228,0.30946,0.12777,0.02035,0.05654,0.02283,-0.28476,0.02045,-0.06197,-0.03026,0.07301,0.05063,0.0681,0.80672,0.12386,0.04929,0.0866,0.04268,-0.111,0.00733,-0.03567,-0.13821,0.01513,-0.02038,-0.06647,-0.02332,0.08132
site-1_prs_pheno87,-0.02247,-0.17008,-0.11215,0.0453,0.14697,0.13946,-0.04701,0.09855,0.02278,0.12671,-0.00015,0.12308,-0.06293,-0.08534,0.0374,0.01344,0.02692,0.20549,0.01579,-0.30207,-0.12668,0.06288,-0.09244,0.05591,-0.0123,0.13037,0.08614,-0.05335,-0.06447,0.06826,0.02643,0.00723,-0.02246,-0.02819,0.07053,0.0443,-0.07977,-0.00329,0.06975,-0.0823,0.08175,-0.03475,-0.00658,0.09919,0.02512,-0.04773,0.0478,0.06629,0.01951,-0.01961,-0.07809,0.0719,-0.1532,-0.28546,0.13511,0.1365,0.0025,0.00694,0.05963,0.04743,0.00955,-0.08814,0.11774,0.2305,-0.05594,-0.10027,0.07277,0.0326,-0.03295,-0.06037,0.14565,-0.16485,0.17339,0.14915,-0.03563,0.03544,0.36294,0.07054,0.04335,0.74164,-0.00177,0.05374,0.01709,0.01146,0.02249,0.07491,0.11774,-0.10834,0.04316,-0.02281,-0.08316,-0.00084
site-1_prs_pheno88,-0.00714,-0.04081,0.1199,-0.17596,-0.18698,-0.07677,-0.05809,-0.10335,-0.01927,0.05757,0.04626,0.15711,0.05804,0.01715,-0.05352,-0.00106,-0.00659,0.04638,0.08151,-0.09868,-0.14883,0.03602,-0.20715,-0.03601,-0.03854,-0.00421,0.0586,-0.02559,-0.01021,0.09883,-0.094,0.05678,0.04621,-0.11938,0.28196,-0.23163,0.0208,0.14029,-0.05303,0.29926,-0.00738,0.0841,0.04728,0.18465,0.1654,-0.08501,-0.01369,-0.18489,0.16805,-0.12784,0.00978,-0.02554,0.04014,0.11886,0.15548,0.08745,0.03206,-0.17643,-0.08259,0.0552,-0.08464,0.14994,0.0506,0.05486,0.07684,-0.04643,-0.00095,0.06199,0.04886,-0.03954,0.02638,-0.06893,-0.3107,0.13725,-0.01342,0.14657,0.17052,-0.11164,0.08487,0.03343,0.99583,0.38359,-0.01386,-0.16214,-0.03353,0.1444,0.06995,-0.03886,0.02748,0.0616,-0.03317,-0.03429
site-1_prs_pheno89,0.04629,0.14948,0.02749,-0.02084,0.00677,0.03325,-0.05457,0.05246,0.07211,0.19858,-0.0097,0.1058,0.10234,0.01675,-0.04045,0.06302,0.12876,-0.072,-0.05819,-0.1282,-0.10501,-0.10484,-0.08585,-0.01219,0.05256,0.03345,0.04815,-0.04432,-0.12651,0.0817,-0.01285,0.19093,0.10676,0.04673,-0.04183,-0.21481,-0.02546,0.15032,-0.05337,0.1659,-0.00657,0.03454,-0.01282,0.24211,0.10727,0.02746,-0.01549,0.06744,0.06899,-0.16631,0.03163,-0.16831,0.16757,-0.1472,0.24055,0.01341,0.12844,0.00845,-0.13092,0.04844,-0.10082,0.10912,0.03252,0.03245,0.03755,-0.17364,-0.09598,0.0413,-0.04945,0.11277,-0.14339,0.00924,-0.17563,0.143,-0.12322,0.23124,0.24643,-0.10769,0.10501,-0.1111,0.33128,1.06426,0.18546,-0.21103,0.08659,-0.08005,-0.05525,-0.00417,0.02694,0.01244,-0.09207,-0.00863
site-1_prs_pheno90,-0.06795,0.1768,0.04752,0.01696,-0.05715,-0.05278,-0.05731,-0.06163,0.04652,0.10117,-0.01989,-0.03004,0.09598,0.02317,-0.07464,-0.10129,-0.16495,-0.10778,0.07897,0.04887,0.12646,0.02684,-0.01624,-0.05,0.03007,0.00101,0.0486,-0.09678,0.16191,0.03706,0.12141,0.02031,0.10995,0.02068,-0.18719,0.01637,0.0068,-0.05848,-0.03769,0.04974,0.10249,0.11781,-0.04039,0.00856,-0.0785,-0.1902,0.09183,-0.01791,-0.07226,-0.08812,0.02426,0.01849,0.02845,0.0259,0.194,0.13628,-0.08783,0.06103,0.09213,0.03741,0.05166,-0.02226,-0.02855,-0.05883,-0.037,0.17498,0.00395,-0.12481,0.00524,-0.10422,-0.04598,0.28524,-0.07294,-0.12797,-0.05553,-0.10594,-0.09683,-0.0865,0.06812,-0.01778,-0.05622,0.07957,1.41238,-0.0992,0.0541,-0.09314,-0.11563,0.04785,-0.14024,-0.04213,-0.03209,-0.06055
site-1_prs_pheno91,0.05646,-0.23355,-0.09959,-0.08429,-0.17161,-0.13994,-0.07994,0.05921,-0.0895,-0.25427,-0.03649,-0.14593,-0.06751,0.00243,-0.00253,-0.04861,-0.10104,0.0424,-0.09628,0.02928,-0.19002,-0.08489,0.1193,0.02277,-0.11334,-0.09023,0.00575,0.03932,-0.01485,-0.13251,0.04132,-0.01297,0.01807,-0.11014,0.12019,0.17871,0.03484,-0.06292,0.05528,-0.09193,0.0265,0.03451,-0.05484,-0.18728,-0.01664,0.01921,0.00275,-0.0699,0.14505,0.00534,-0.05629,-0.02347,-0.01597,-0.13695,-0.00138,0.08108,-0.06625,-0.09563,-0.01516,0.13192,-0.03887,0.01262,0.04133,-0.09887,-0.08092,0.00402,-0.09105,-0.03121,-0.14224,-0.0912,0.10853,-0.06346,-0.12609,0.1384,-0.11118,-0.00284,-0.00557,-0.05267,0.00388,0.02742,-0.02536,-0.23785,-0.01493,1.54748,-0.19779,-0.01949,-0.07236,-0.12241,-0.15782,0.26567,-0.02272,0.11131
site-1_prs_pheno92,-0.2758,0.23428,-0.04621,-0.04074,-0.12838,0.12905,-0.02114,-0.17548,-0.08589,-0.03552,0.09927,-0.04409,-0.13389,0.15386,0.02981,-0.01345,-0.11764,0.08601,-0.13098,0.12756,0.18642,0.14433,0.04175,-0.02581,0.0297,0.17295,0.13125,-0.12718,0.05243,0.04817,-0.06279,-0.13268,-0.00304,-0.01733,-0.06964,-0.27761,0.1532,0.02665,-0.16211,0.15791,0.00639,0.06842,0.23764,-0.15819,-0.16501,0.1716,-0.01212,0.1073,0.0092,0.04411,0.10862,-0.00142,0.03129,0.09533,-0.06976,-0.14318,0.10052,-0.06113,-0.09847,0.05659,0.04411,-0.06791,-0.00395,-0.02785,-0.20511,-0.23693,-0.06905,-0.0095,0.01285,-0.09541,0.05775,-0.0989,0.00355,0.0817,0.13112,-0.0422,0.03159,-0.03597,0.00341,-0.01091,0.0481,-0.10446,0.03254,0.02834,1.04193,0.11031,0.11982,-0.07182,0.05219,0.11925,0.10502,0.01493
site-1_prs_pheno93,-0.00858,0.29968,0.07224,-0.05405,-0.01142,-0.00473,0.14824,-0.11757,-0.06131,0.01479,-0.0712,0.00152,0.04211,-0.04121,0.0454,-0.05987,0.00876,0.09771,-0.10827,-0.09436,-0.20649,0.08389,-0.13966,0.02013,0.01185,-0.10453,0.2059,-0.03563,-0.02162,0.11373,-0.0397,-0.08514,-0.03344,-0.05259,0.02487,-0.07328,0.22157,0.13952,-0.11983,0.16805,-0.04594,0.11954,0.0582,0.07621,-0.19516,0.14198,-0.03868,-0.08678,0.04192,-0.02449,-0.03847,-0.00176,0.0525,0.22442,0.06165,-0.07364,-0.11088,-0.09967,-0.03152,-0.03787,0.079,0.04298,0.0656,0.11436,0.05102,-0.08533,-0.01557,-0.02138,0.02849,0.03339,0.00132,-0.16584,-0.20737,-0.04276,0.12022,-0.09686,0.06637,-0.04152,0.03838,-0.00232,0.17378,0.0561,0.05804,-0.01339,0.20499,1.00875,-0.00062,0.00385,0.05283,0.02594,0.10088,-0.11956
site-1_prs_pheno94,-0.24624,-0.18897,0.14057,-0.03347,-0.09587,0.04404,-0.07939,-0.15696,-0.06465,0.10759,-0.0657,0.08609,-0.03937,0.13531,0.0325,0.12467,0.04956,-0.01661,-0.27789,0.07106,-0.02717,0.02716,0.12966,-0.08047,0.07992,0.21242,-0.03657,0.18258,0.11341,0.01538,-0.07759,0.03491,-0.02382,0.04824,0.13947,-0.06389,0.12107,0.07602,-0.07682,-0.00429,0.07149,-0.0435,-0.03803,-0.05681,-0.02901,0.11857,-0.03436,0.1269,-0.08367,0.05517,0.02339,-0.10141,-0.03168,0.02486,0.18823,-0.06033,0.15725,-0.11064,-0.05394,0.06632,-0.06456,0.0487,0.08856,0.05562,0.05057,-0.05605,0.05913,0.03503,0.00995,0.23912,0.03439,0.21529,0.08753,0.22355,-0.02962,0.12577,-0.02296,-0.03172,-0.06011,-0.07549,0.03194,0.04543,-0.21458,0.08589,0.00828,-0.08536,1.0668,-0.00209,0.00337,0.02938,-0.1196,0.17604
site-1_prs_pheno95,0.1264,0.09665,0.15738,0.10799,0.1238,-0.22092,0.01516,-0.02561,-0.2783,-0.04964,0.03686,-0.11683,-0.00077,-0.13217,-0.05228,-0.11589,-0.07878,-0.1044,-0.0592,0.11034,-0.07607,-0.00341,-0.0757,0.01815,0.13535,-0.16964,-0.07177,0.10377,0.00993,0.11945,-0.18426,0.03817,-0.18164,0.20169,-0.07469,0.00946,0.04343,0.03155,-0.12217,-0.07767,-0.09048,-0.08874,-0.02812,-0.05871,0.19249,0.13949,0.02013,0.07698,-0.10575,-0.05275,0.05291,0.02048,0.09328,-0.04092,-0.00919,-0.14887,-0.19115,0.25508,0.09514,0.04768,0.11874,0.00708,0.09332,0.00618,0.17673,0.11853,0.09922,0.01303,0.04335,0.09641,-0.05653,-0.07414,0.15959,-0.23704,0.03053,-0.10831,-0.23882,0.00694,0.00173,-0.12175,-0.11541,-0.01107,-0.15251,-0.11085,-0.04821,0.04063,-0.07816,0.92139,0.00667,-0.04384,-0.05528,0.11555
site-1_prs_pheno96,-0.05053,-0.01131,-0.03676,-0.26292,-0.08111,0.03951,0.01775,-0.02825,-0.07521,-0.25892,-0.00071,0.13772,0.04104,-0.00139,0.05726,-0.02196,0.01173,0.0106,-0.00761,0.11018,0.22141,-0.07966,-0.06387,-0.04309,-0.01661,-0.05622,-0.01911,-0.0738,-0.0323,-0.01805,-0.15188,0.10677,-0.0288,0.11147,-0.02639,-0.19687,0.15707,0.02083,-0.11623,0.18169,-0.17531,-0.01266,-0.00185,0.15425,0.14105,0.07679,0.02671,0.01824,-0.07893,-0.02079,-0.06332,0.08615,0.03742,0.07126,0.05798,-0.05695,0.19389,-0.168,0.0568,0.05322,-0.04207,0.05602,0.09732,0.05425,0.09667,-0.32673,-0.1086,-0.04128,0.16643,0.01211,-0.07221,-0.12663,-0.26238,0.13866,0.14293,0.1062,-0.18301,-0.01249,-0.00157,-0.15867,0.09687,0.08238,-0.18782,-0.06816,-0.07375,0.17068,0.14391,0.0856,0.84574,0.07137,0.15048,0.03493
site-1_prs_pheno97,-0.03932,-0.18492,-0.07047,-0.08989,-0.19553,0.02956,-0.06993,0.10462,-0.23718,0.16683,-0.0442,-0.02333,-0.17372,-0.04935,0.06607,-0.03473,0.07366,0.04721,0.04504,0.07551,0.07633,-0.01896,-0.06802,-0.01057,0.02785,-0.05788,-0.00984,-0.01948,-0.04857,0.03251,-0.13214,-0.08161,0.03805,0.13639,0.20979,0.04758,0.03816,-0.24846,-0.03827,0.06781,-0.04453,-0.0408,-0.01381,-0.13605,-0.09369,0.24715,0.06753,0.08637,0.02359,-0.02716,-0.05195,0.02944,4e-05,-0.17548,0.15558,0.08681,0.05233,-0.08217,-0.05188,-0.02515,-0.036,0.02897,-0.02502,-0.1168,-0.12823,-0.14072,-0.08862,0.0325,0.01829,-0.21928,0.05133,-0.129,0.0133,0.06984,-0.11863,0.06004,0.1549,-0.09495,0.08982,-0.12716,0.13232,0.10084,-0.14937,0.29302,0.04919,-0.06238,-0.04853,-0.0369,0.0105,0.94233,0.11222,0.11596
site-1_prs_pheno98,-0.1078,-0.17112,-0.05403,-0.04225,-0.20887,0.09451,-0.02692,-0.00507,0.03118,0.09398,-0.16428,0.03681,-0.03588,-0.0584,0.01827,0.00767,-0.09363,-0.0037,0.03409,0.05027,0.06676,-0.07444,-0.03172,0.01914,-0.02853,0.06392,0.02772,-0.02993,-0.03119,0.03201,0.07565,0.02618,0.08348,0.00303,-0.02596,-0.04047,0.16032,-0.1566,-0.04668,0.13454,0.03258,0.03896,-0.00163,0.03539,-0.11605,0.25608,0.07149,-0.00574,0.03569,0.09407,0.15534,0.15843,-0.2224,-0.16721,0.12427,0.07994,-0.08469,-0.0172,-0.00352,-0.02183,0.16364,-0.06501,-0.0174,0.04301,0.01049,-0.08461,0.07964,-0.17809,0.17868,-0.08598,0.20195,-0.02528,-0.00382,0.05486,-0.15338,-0.04908,0.08641,-0.00362,-0.06801,-0.10372,0.05051,-0.03366,-0.06298,-0.07149,-0.02899,0.14268,0.06854,-0.12442,0.04686,0.04458,0.89433,-0.13501
site-1_prs_pheno99,0.04931,0.06054,0.12366,0.20445,0.10399,-0.02162,-0.0401,-0.06289,-0.17458,-0.27622,-0.04141,0.09432,0.14138,0.08761,-0.01156,-0.05087,-0.05382,-0.06165,-0.30941,0.13129,0.02085,0.04672,0.0293,0.11814,0.11746,-0.02124,0.07738,0.0182,-0.01106,0.09982,-0.09942,-0.07994,-0.02662,0.17259,-0.11169,-0.09698,0.18428,-0.07689,-0.25905,-0.20713,-0.09386,-0.03521,0.13832,-0.14519,-0.13625,0.1258,0.03695,0.1756,0.10333,0.02908,-0.11251,-0.07366,0.06885,0.09479,0.09068,-0.03766,0.06444,0.0293,-0.11216,0.04819,-0.029,-0.01788,0.22653,-0.10655,-0.0013,0.09936,0.00749,0.08494,0.01262,-0.03014,-0.00308,0.13501,0.06688,-0.05784,0.00389,-0.01651,0.02404,-0.02296,-0.06438,-0.22139,-0.15559,0.10484,-0.12226,-0.00159,-0.02484,-0.00856,0.03876,-0.02641,-0.02824,0.12304,-0.00241,0.88722
