row_id,PHENO_0000,PHENO_0001,PHENO_0002,PHENO_0003,PHENO_0004,PHENO_0005,PHENO_0006,PHENO_0007,PHENO_0008,PHENO_0009,PHENO_0010,PHENO_0011,PHENO_0012,PHENO_0013,PHENO_0015,PHENO_0017,PHENO_0018,PHENO_0019,PHENO_0020,PHENO_0021,PHENO_0022,PHENO_0024,PHENO_0026,PHENO_0028,PHENO_0029,PHENO_0030,PHENO_0031,PHENO_0032,PHENO_0033,PHENO_0034,PHENO_0035,PHENO_0037,PHENO_0038,PHENO_0039
site-2_rs0000,2.3678043,5.9733653,6.6564789,-6.8396897,-2.5017517,9.72227,0.20190287,10.749003,-7.7315903,8.1760139,-1.4470417,2.9372613,-0.64839882,-16.497673,8.0999537,-1.6518701,0.18898238,8.0673714,0.50090957,7.2231407,4.8211708,3.3653514,-6.1298847,3.8595572,6.4551492,-3.4813652,0.45909235,6.097208,-2.5126076,-1.7854745,-0.26842254,-11.022957,-0.33413842,3.4725358
site-2_rs0001,-6.5914025,1.1759641,8.1489391,6.7328491,-11.616201,6.0187583,14.10272,-0.16262102,-7.6365285,-4.4028106,5.2857709,-8.47579,4.0797982,-8.9739161,-0.39223588,0.26532498,-1.6018966,-1.7008842,-1.9243675,-8.4526663,0.55978584,7.1386056,7.5757308,1.6599541,-0.16557047,-5.7747941,2.4422085,-4.9501381,10.01603,2.8015914,-8.5857725,-4.2800565,-4.7991991,3.7957356
site-2_rs0002,3.9761109,-3.1826677,-6.4700627,4.4590702,6.0846839,-8.7475586,7.8516951,0.65349931,-5.7041306,-0.46165329,0.97941691,-7.5673537,-1.3639624,2.6283853,-0.14911534,3.37502,11.34543,0.7485106,-6.2950025,2.7399473,-3.2915802,1.8552092,0.19922349,0.85077566,2.1765752,-3.0262103,-11.447351,-11.074367,-6.4101801,7.5659451,0.60002649,-0.51845449,6.8020825,-0.99976563
site-2_rs0003,-2.7740939,3.1808074,-0.83671564,5.3109803,-6.2023849,2.5245924,1.8626841,6.4091501,-6.5740166,0.13780227,-6.0075855,10.437292,-3.7173626,-4.3083658,1.1622339,4.8055921,3.0173585,7.9721689,1.6761786,-1.0490236,12.175332,1.9434178,-6.3515577,-1.497005,9.6618128,4.9707561,-2.4205799,2.9617937,6.9621334,9.9668446,-2.5244796,-9.3100748,2.8398561,-7.0428057
site-2_rs0004,-4.2046781,-3.9361124,-0.17400846,1.0012878,-3.8257051,0.097675622,-0.95861328,2.6258903,-3.0446346,-0.52623624,1.221037,4.0599856,2.8657949,4.2201328,-8.0393295,3.9212606,5.0075912,-0.22516772,0.37818199,-1.8714342,-2.3828876,4.4233775,2.1505742,-4.9161744,-12.315841,-4.6341467,-10.435208,-4.436687,-4.4306664,-1.3126922,5.5458875,-3.1927581,1.0284287,-1.5899425
site-2_rs0005,0.66670752,-2.7826166,10.513659,8.6931877,-7.8511949,5.5439425,8.6312551,6.5710564,-1.7228221,-0.2259779,3.1397762,-0.66299599,4.281991,-1.8574531,-4.8301897,0.62108487,6.6746826,7.5829825,-5.8596711,-5.0454726,1.8235154,2.2016511,-6.1606913,6.3493714,7.7789173,3.0960343,-8.5969181,-3.4546952,7.1095548,0.93266982,-1.0345875,3.051363,3.6137257,4.2287898
site-2_rs0006,-7.7798219,3.0175705,3.3557131,-8.0827837,-2.8195958,1.4011936,5.1184731,3.7002437,1.1017343,-3.4996176,0.64310837,2.7475598,4.630724,-5.3408551,-4.6271763,-5.2291355,3.1931612,3.5566292,0.69912755,6.3278422,-4.3373122,2.3192461,4.7285142,-2.4495225,-6.7032599,-10.174885,4.4519949,8.1020079,-4.4950395,-6.7965884,7.120544,-1.9830834,-6.5873613,2.0123003
site-2_rs0007,1.2463781,-1.9568125,-13.954082,-0.99004489,-5.6474857,-1.6570656,3.5711,7.6167269,-4.9161363,-0.47859344,2.8662295,1.9980365,-7.9556165,-2.6696923,1.6775926,3.7457199,-0.64393032,8.7350874,4.8473816,1.1011834,0.87811357,0.42834973,-1.2786765,1.0087378,8.3024406,3.8984687,-1.8473691,-1.6394827,-4.1507072,-4.3639946,10.106974,-1.1146442,4.0406942,-6.4465213
site-2_rs0008,1.4396605,2.1836853,2.2192085,-1.0643642,-3.0299513,1.1371281,-6.4491892,-3.1360695,2.0807328,-0.93329829,8.5902309,5.1118231,4.0510159,-7.3331156,4.1830063,-1.2741128,-0.62175155,0.60883033,-1.8870801,4.235508,-0.48820186,3.5701826,-6.1149712,1.973426,-5.2819452,-3.8388493,0.4724237,13.572636,0.35916749,-1.6573285,1.5296642,-3.2838743,-5.0785375,1.9412862
site-2_rs0009,-0.16436577,0.54304314,6.9432316,-7.38621,-2.5231152,3.1953235,0.16123021,3.8617806,-6.1313214,3.4918423,1.2226683,1.7194841,1.7328547,-0.90923828,-9.4670076,1.8494797,-4.4890161,1.3453135,3.4005604,4.4129291,3.2775521,-4.0922318,-4.0264597,1.5927572,3.1326711,-1.786056,4.3436608,8.2170696,0.65668851,-8.2861786,6.9491663,4.5308251,-4.6721611,-4.4068804
site-2_rs0010,-0.26595166,-9.093049,7.5169978,4.0519004,-9.845479,3.5974307,-0.14845631,-4.8856964,-4.2050099,-6.1056428,1.3718692,4.7585053,3.9360797,7.4469328,-9.6230192,-1.6123937,14.697519,4.2613482,-1.4640429,-9.9817505,6.3041835,7.8153348,-0.087687805,0.61203444,-2.3807638,8.6084261,-8.9703188,-7.1714811,3.3193188,12.913873,-8.7112913,-1.0817106,3.1057923,-7.7561264
site-2_rs0011,-5.5650029,-1.8385916,5.7452216,4.7391634,1.9676725,-0.29860994,7.5976372,0.134977,3.7367792,2.3719349,-1.1020842,5.1908312,-4.0280957,-7.2204862,7.1747293,-7.4270077,-6.4752817,-0.83850479,1.4591639,1.5712688,8.508728,8.0948963,-2.7002816,-3.5232501,2.3476336,-1.5985339,-0.58695549,0.32643688,-3.3102365,-4.1790986,-1.9679334,-3.6063631,5.2500124,-0.40239024
site-2_rs0012,11.72606,-1.6579535,0.70233458,-0.78876513,13.031565,0.26480812,9.0150642,5.9396482,-2.5419097,-1.8839331,-7.2519813,-13.945384,6.0271912,-2.5459018,-1.7424999,-4.8239064,5.1178045,-6.3488364,-2.1643484,2.0376866,-6.1581268,1.7981132,-0.55556887,-3.4385672,11.109495,-9.4533443,-6.5535417,-7.6273046,0.39317375,11.675985,-2.6769407,4.3267756,-3.5987422,6.3824534
site-2_rs0013,-8.5243196,-1.4652562,0.49907053,0.10756598,-1.8280035,1.3437266,-6.8974004,-6.036221,0.069428809,-6.230917,1.0004146,10.601665,8.8238983,-1.8757784,-6.0635624,-2.2777805,-3.2760165,-0.50019169,-9.3812733,-7.6538019,-6.3646398,-0.023437984,0.64579159,6.7496138,2.7039824,6.573585,5.4168286,3.0676627,1.6492398,1.863428,-6.5184412,3.8930933,-2.8730834,-6.3086843
site-2_rs0014,0.30285949,2.2511709,5.6768236,3.8578386,7.0934167,-5.0768657,-3.7688217,-1.3097458,3.9808519,-0.051251598,1.8880141,-0.011238083,-4.7181239,4.9351687,1.6684594,4.3170061,-3.2282879,-5.2608657,1.7570846,4.9600272,7.3095741,-5.6233554,-1.3726405,0.83550435,3.5097356,5.084796,2.0773077,1.945763,8.1331091,-4.0703263,2.765734,0.37182432,-7.684957,-0.87469828
site-2_rs0015,-8.4857321,-3.8778036,0.16766593,9.3686199,-11.401458,1.9223517,6.5983458,0.24837004,4.7914314,1.9066803,4.352705,0.011553094,-5.2268577,-1.4037582,-5.6130795,0.59915125,-3.1612952,-2.8232567,5.3431106,-10.945937,3.1322803,1.4826481,-0.95378864,0.46187073,-2.1837263,2.8017592,3.6204407,-4.1692257,10.295491,-8.8687315,1.0771276,2.5014789,8.7045393,2.2692046
site-2_rs0016,-3.772229,1.887107,0.56872767,-1.6178646,2.0819087,-9.4808197,-3.9285712,-0.37704784,-3.3948007,-3.6460917,8.0155516,-1.408157,3.150208,-0.73517483,4.9779911,-1.6187924,5.3744268,3.789887,-7.2194934,-4.3179989,0.31440884,8.4656448,3.2646329,2.1518438,-2.9766848,-6.2223802,-0.47416851,-4.6664028,-13.050018,3.4089646,2.0095022,0.88615179,5.198545,0.039311528
site-2_rs0017,5.3125849,-4.1821585,-10.023867,-5.969276,-3.8149521,4.2599721,-11.021788,-8.7560148,-7.2101374,-2.5195341,3.8279893,-1.8441763,-0.89419311,-9.3417711,5.0408483,-1.7113626,-7.4031739,1.9673939,-1.3163806,1.9677379,-0.94611317,-7.1127658,-0.05167342,-5.0107164,-3.1105616,-4.9572601,8.297224,4.1238332,-6.4165592,1.5328628,1.508065,7.8309827,-8.2260323,-1.9628481
site-2_rs0018,6.3229542,-4.26159,12.988999,2.9021692,-1.2244884,3.7905719,2.282187,1.4352137,7.9773312,4.5905781,1.4947081,-0.22700761,-1.0108823,10.662974,-4.8266244,-8.1017408,0.72476858,-7.0264788,-2.159409,-3.0424857,1.5774639,4.3263974,6.7853951,7.4697647,-4.1767631,-1.7655424,-4.5248132,-4.6826706,10.860264,-3.4468966,-0.19675529,0.91418391,-0.24075849,3.4165843
site-2_rs0019,-4.0172668,1.5349946,-7.6051741,-0.38990882,-6.9298272,4.9359078,7.2550797,1.8230337,-0.88930601,5.491694,0.24982284,3.9372284,-5.0314178,3.0060103,-6.6131463,2.2574277,12.78306,9.875432,4.6799445,-3.3154795,-7.8725147,5.0620799,8.9538441,4.0764256,-7.1963687,8.08389,-2.1303399,0.60144287,-1.0479558,-0.62317044,-6.9045486,-12.251214,0.71184188,-1.5566903
site-2_rs0020,-6.3593225,3.755012,10.358011,4.8198285,1.8212781,-0.52342427,-1.3131257,-4.3721266,-6.1139803,-5.6678295,-6.7912993,0.61814642,-1.3121045,16.695707,-1.4417483,-1.370958,16.711189,4.9521503,-8.6977262,-1.6526691,3.0888095,-1.2276698,-1.1739433,1.5644532,-0.90367883,9.7026329,-0.026837774,-7.5791965,7.351182,6.2880936,-3.2051651,-4.5183778,-3.4405422,-6.4008102
site-2_rs0021,-5.349678,1.4886451,9.9525509,4.5487771,-6.4387255,-1.9829692,0.4496364,-2.1853814,3.94735,0.65907168,10.512242,-1.2304124,6.8770847,-1.8624967,-3.6516545,1.8910656,8.0213099,1.7543473,-2.0679078,0.14284597,2.4296565,0.31762397,1.1933843,0.3971349,-4.7610292,3.1634288,1.9954625,-3.0305026,-4.6696978,-2.2529721,-3.049053,-2.37378,6.7724237,8.7777548
site-2_rs0022,9.3245125,-1.5637145,8.7264481,-3.0387306,10.902727,1.5381569,-2.6698399,0.18884264,-2.6628428,3.7536509,-9.0621557,-3.3369045,1.9535499,6.5528359,2.5917766,-6.8983226,-4.8821702,-4.9772282,-7.6104107,6.7131872,1.2217532,3.8323021,-8.6842871,-8.6252089,-6.5597768,-10.197671,-3.236726,2.3484855,-0.021708582,5.8872609,1.4852366,-2.4916389,-1.6861306,-4.8464193
site-2_rs0023,3.7227893,3.9544344,-8.5414467,-13.348107,4.6339722,-2.4087324,-7.7862911,1.5958219,-7.3213859,-5.6586657,-7.5165958,-2.7469718,4.2445087,5.6110849,-7.1571798,0.81740117,3.1593888,4.3134747,-1.4108343,-0.39667547,-0.82944185,-6.1291461,-1.7460277,-1.0986748,-1.8763131,-4.7542915,3.288718,4.0295205,-0.86329859,5.2362695,7.3451777,2.9800086,-10.327993,-6.3087244
site-2_rs0024,0.82852006,0.72244126,-1.6454251,-2.9016035,4.2876024,-4.2339807,3.5505383,-0.3722077,6.3411541,-4.0826135,0.578004,-1.8605728,-8.9754934,-0.39749375,3.2827508,-1.9058158,-3.6303065,-1.8789011,0.1290877,-3.7243917,-2.1142824,-2.0258315,6.189096,6.3865643,4.9609947,-1.6806735,7.6303043,-0.91058153,9.5555067,0.66537404,-1.560559,-2.6243799,-3.4842758,-5.170588
site-2_rs0025,-1.8606294,3.4386067,8.686306,1.4481001,-6.1462803,-0.1126969,1.4817121,-0.13581808,13.967598,-5.7710524,8.5578575,-3.9059284,5.6059132,-9.7927942,0.82128543,-4.870822,0.81075186,-10.689683,6.2587337,3.217963,-5.0159512,-2.7177181,1.133152,1.5873772,8.493556,-0.54940653,4.4874105,7.0062723,5.390852,3.5797775,-4.7463894,2.8996012,5.3284326,10.354681
site-2_rs0026,-6.96102,-3.1726909,-2.3083172,-1.1231769,-3.8429847,0.11367059,5.5909333,-0.52353936,-3.9208593,-6.4649434,4.2889023,6.4506321,-2.2938597,-13.440193,4.0697842,5.6010361,-5.1994495,0.27230051,4.6216288,6.6491132,5.1556578,-7.3400593,-3.6934264,-3.1969817,8.0633936,-3.7097304,6.6849308,5.3429794,-1.4243782,-7.3973079,7.3694606,6.2526555,-5.9463735,-3.1545112
site-2_rs0027,3.4692557,-9.9268541,2.4600363,-10.573702,-5.3215399,0.17923957,-9.7742796,-6.786849,1.0145283,1.5575831,10.743589,1.0422308,0.74755961,-5.2120562,2.0836608,-6.5925899,6.0871987,-1.085963,4.867229,-0.039766211,3.974592,-0.03118027,-0.59751767,-2.9244802,-5.2769909,-2.3284092,8.1226006,6.5348411,-2.0712504,3.7221377,-5.9740839,0.93575519,-1.36077,-7.8195844
site-2_rs0028,-5.5221524,-1.5434136,6.3900399,-6.1371493,-9.6901608,2.7134047,3.8635077,1.4823787,-11.56041,3.1905782,-0.62456793,-1.2775439,7.5000858,5.328938,-8.059557,6.2967892,7.2419734,7.5316434,-2.0021687,-7.4421062,-2.7615924,4.8564506,-3.9264765,0.98265737,-4.7876143,-1.369283,-2.3055859,6.5782528,2.107476,4.9635563,-3.0482199,0.63510156,5.2831807,-7.1979313
site-2_rs0029,7.0131984,2.7457755,-1.5579733,16.770241,9.7572088,-3.9450727,13.921981,11.460433,-0.061698508,10.050227,2.9082623,-1.1099727,-8.9514198,-3.054209,11.114788,-5.2692275,-9.7292261,-5.0789404,-6.278533,14.507217,12.328548,0.60239393,-0.59418774,6.8546252,9.3629026,-9.6513147,-2.8557699,-9.873889,1.419233,-14.917984,10.637505,4.2872658,-1.3108492,11.358957
site-2_rs0030,-8.2499638,6.0269256,-12.384363,4.6338639,-7.6036272,-3.2084315,4.6444392,2.4722419,-1.4521723,1.588062,-13.054958,-0.4896802,-5.2932968,12.577044,6.2797356,11.796215,4.7872605,-6.5483861,6.6792359,-3.6700802,-3.0692856,-11.407467,-2.507618,-8.7091465,2.6949656,6.5288243,-3.3573728,-9.6099777,-3.0446253,-1.8321933,4.5597587,-2.7487793,15.65968,-9.1648083
site-2_rs0031,5.0338035,-1.9217311,-2.2809076,-8.2223444,-1.050151,-4.6214018,-13.952603,-5.919292,-3.302315,-9.0119524,2.7784066,-7.3943462,8.9915924,1.9971991,-8.0844288,8.5362263,-5.0438685,-6.2040162,3.9260914,1.4106489,-1.6020852,-8.79041,-3.5304351,-8.0384121,-4.6218724,-0.35500589,0.11791476,4.7938437,-8.046277,3.8183849,8.4246988,10.503954,-1.0577278,1.5090344
site-2_rs0032,-1.719293,4.5078354,-12.861732,-5.9831085,-0.33630967,-3.0391695,0.33183101,7.2875295,0.59541267,-0.58545381,-7.8346629,12.90358,-1.5379981,3.991786,-1.4771022,4.3710146,-2.0153711,5.2894998,3.5422812,3.3983176,-2.6195548,-1.4699481,-10.882943,-3.1136503,3.3364055,-3.2246404,-5.7344213,11.936482,-0.1233025,2.7349381,8.1426239,-0.80267036,1.9211141,-12.031137
site-2_rs0033,-1.9786106,1.3299419,-13.26904,-2.083874,4.2438669,-7.6477904,-2.2060826,-3.6669612,-6.7782936,-1.8122247,-3.2345877,-1.7631332,-3.0148077,12.069101,-1.2466611,8.2505827,8.0069714,3.2359185,0.8133257,1.5304375,-3.1563344,-8.9859943,-1.570755,-1.4838264,3.0659177,5.3250613,0.65101165,1.6662539,-3.2667525,-1.518073,8.177598,4.9310279,-3.1503689,-10.062913
site-2_rs0034,0.045741722,1.2771357,8.4762974,-3.2786496,-3.9800539,-0.98054451,9.3979034,-0.046613112,-4.3322783,5.8269992,3.871423,-1.4280652,-1.5681307,1.3939635,-0.37136659,-3.0975227,5.2682152,3.390063,3.0941899,-1.7846314,8.8382568,11.198406,1.5944957,9.1954002,6.4517245,-4.01056,2.9478571,5.3632278,12.731122,3.6211414,-3.6703029,-1.7666906,2.515389,-0.22609627
site-2_rs0035,-7.6348262,-0.91124874,-7.3348136,-1.3804667,6.8296571,-2.2301519,2.338589,-3.6201479,-5.2092457,-1.4848346,-4.3030224,6.464458,-4.4966292,-5.0043597,-3.2014654,-0.27579248,-6.9856086,7.1010456,-4.1514301,-0.29150125,-3.8380954,4.8879104,4.6137404,3.7640297,8.5209112,3.3349075,-1.6170261,-0.23893237,-1.3745025,-1.522907,3.2629192,-2.6075594,-1.7947165,-5.4935832
site-2_rs0036,-3.0724893,7.4006715,-6.1732793,2.7649736,-0.55635244,2.1491482,-0.75109524,-1.6858729,-3.1608059,-11.050036,-4.1016445,2.3934431,11.959959,-4.1018605,2.0305333,1.9597408,-0.13228483,-1.0345259,-9.2215471,-1.063958,-8.3788261,0.99310458,5.4774504,-3.1625426,-3.2263675,4.300468,-0.42817557,-3.7056279,-14.83086,5.1317811,-6.6930943,-6.9149504,-8.3809443,-2.1522551
site-2_rs0037,7.2825189,-6.3688707,15.316126,0.39036116,1.3415822,0.062580682,4.766737,8.7633972,0.93435711,2.578059,6.3653731,-1.5972599,-0.62634617,0.49393135,-1.5829161,-2.9977927,-0.96114159,1.7781279,-7.533637,0.71509212,1.7188134,1.5270705,-1.8423443,4.0481167,3.7164378,-10.28825,-6.4431276,-2.6544163,4.2408705,-0.59836566,5.5763397,6.6133509,-0.2095021,1.3267329
site-2_rs0038,4.3180237,4.8376226,-4.722734,-1.3881328,15.214422,0.91686732,-3.8293471,2.5324066,-9.1807861,-3.2064252,-4.5912366,-4.0814848,-4.8208394,-7.3638315,8.2104063,3.5472567,-16.849745,-2.678777,-5.7346087,1.0835153,1.5053482,-6.2732048,-2.4332631,1.2872418,7.2640486,-0.77349311,-0.54856324,1.1932302,3.0142465,10.556845,-5.6491427,-4.3655257,-12.882644,-1.687404
site-2_rs0039,1.0759279,-2.6035631,-0.59891766,6.3837357,6.4680152,0.61481982,-2.6291595,-8.4872351,0.4085511,-5.3071103,4.5535321,-3.2629645,-7.4529214,-0.41217324,-1.5829488,-7.1630311,-1.0258117,-1.9828974,-2.4864283,-2.0828431,7.5890884,-0.079642847,9.6891546,4.1455483,-7.6118922,3.1920223,9.0613489,-2.5096412,2.8535089,-1.9174505,-3.674242,0.96594512,-14.664878,4.3709874
site-2_rs0040,5.6949506,-0.46060753,-9.0577993,-3.0533092,7.130239,-4.4643531,-11.66099,-8.3775291,8.3878546,-3.5445848,-0.41773486,2.1197591,4.2018228,-5.7840137,6.3816776,5.6610341,-2.0535493,-2.0197887,-0.18725815,5.4080787,-9.9924984,-3.5860078,-5.5062513,-3.9011464,-2.0507221,2.4931614,3.0377374,5.0955653,-8.7701941,1.6158317,-0.51811987,2.2734842,3.4406235,5.683094
site-2_rs0041,-1.3386027,0.69987345,-9.7596035,11.948715,0.41216174,6.3426256,12.741504,5.387671,-7.7681055,-0.40893322,-7.0714588,6.3992467,0.31986156,-0.80156422,1.7901622,-4.3788857,-3.2252352,-7.282424,-5.2157531,5.7126126,4.971859,-4.0901084,8.992733,3.2967153,3.8841574,-0.20917957,-5.9370742,-14.092627,-10.321774,-7.762485,2.8890419,-1.7834644,-4.1614356,0.0048070094
site-2_rs0042,0.27358073,-2.9411778,-3.1301939,-0.90457636,-11.053592,2.2888293,2.0512347,-3.9901259,-3.4104481,-0.69991982,5.7772822,-5.0318756,-2.0235472,-6.8910489,1.3656187,10.021538,-5.1652088,7.7152781,-5.9266033,-10.47009,-10.233598,-0.66020727,-1.2787173,5.080708,3.6158028,-1.0746958,-0.49829715,-0.94338191,9.9029608,-2.5886023,7.3755274,5.1771097,4.9739375,8.0317097
site-2_rs0043,10.021384,1.8865857,-9.2017212,0.52193898,-0.57754564,4.4445534,2.2018366,0.014589693,-2.0912871,-6.8721604,-5.2910151,-7.7785182,6.4212661,-8.6402521,-0.43977618,1.2878541,-11.348728,-4.8463378,-1.2728349,1.8624887,-5.5902839,-2.1632273,-3.289676,-5.9192667,2.3266354,-1.1296624,-4.9749017,0.68562162,1.1528485,7.5024343,-2.0738912,-0.58501685,-7.8890963,5.0781703
site-2_rs0044,-8.861599,-2.6838143,8.6789055,2.0487347,-0.46684644,2.9012105,19.111403,-1.2571669,-9.3828192,2.1576045,-2.9066439,3.8672111,-3.6328642,0.2804516,-15.080771,-0.15361002,2.7401979,-1.4384515,1.9238247,-7.7800317,6.3913293,10.621169,3.982698,3.4217196,4.4559126,6.043457,-5.7986622,-4.4932818,2.7803628,9.0616779,-13.603144,-1.3639853,1.3448354,-2.7683003
site-2_rs0045,3.8803782,9.2174454,-8.1865282,-1.7419466,-2.3904107,-2.9173639,-8.1651049,-0.57441002,0.69688994,10.216647,3.0896316,3.5409849,-8.8125391,2.0743887,6.4335275,1.9546175,-6.1093678,5.4960542,1.1824055,2.4814684,6.314518,-0.39069551,1.9725939,1.8068515,-9.128459,2.0201402,0.33431163,5.5908256,-2.1295912,-1.0142159,-3.2965283,-12.751143,-2.1533828,-5.2860403
site-2_rs0046,-7.5799508,-0.39602005,4.424902,16.040085,2.8534229,-1.3979682,14.245458,3.128494,2.3775949,-0.58032703,-0.12861812,-5.2987003,-4.5472813,1.529137,1.0650395,-0.39119178,3.5100868,-3.9793558,-2.811954,-5.5294089,-3.0959332,6.8427811,-1.5873276,-0.85435617,-0.93621826,-3.762862,-6.9182172,-10.244189,5.293817,-0.60782635,-0.91096741,-3.2265456,9.9859848,6.132206
site-2_rs0047,-7.7736378,-10.669524,5.1996851,-0.8862769,-0.027073145,6.2417083,-7.075954,-6.677989,3.6586888,-0.39735958,-4.8281007,8.4553967,3.0935502,-5.0838695,8.3927555,-2.6428635,-1.4151617,-4.3360338,3.7416875,-4.8220625,-0.678563,-2.419945,-3.1828625,-5.7769918,2.1698327,-3.0204964,2.1022336,-1.1516682,7.2590737,4.8547726,-7.4579926,5.3478904,6.5356188,0.73817199
site-2_rs0048,4.8925285,-7.4729447,-0.21788408,-4.4146304,7.4700608,-1.0448636,-8.8615551,-12.988515,-6.6631398,-3.3149116,0.37215209,-0.51276428,-3.6002903,0.84524667,1.3920648,-2.6860018,12.340084,8.1782579,-13.892249,-4.3452973,-8.4234209,6.3059587,3.5437322,5.4783716,-1.2680523,4.4740677,-1.4185799,-7.7570815,-3.5354779,12.97897,-6.0276227,-2.9998798,1.1610531,-3.1982937
site-2_rs0049,-7.2019367,4.737247,1.7396072,1.0078776,0.60404295,-4.3977818,-7.0954466,-9.1309938,-0.88428402,-2.5638821,1.0889597,-6.9032979,-1.7584149,8.6049376,4.9079642,1.7772448,-10.829533,-4.7995062,-5.8790078,-10.386541,-2.7183793,-1.5706406,9.6738892,-5.1021185,-11.621447,-1.0274918,4.839992,-6.2777519,6.9279265,5.7526517,-6.3240786,-2.8862615,-5.2350187,1.6964819
site-2_rs0050,0.92986965,8.8505259,-2.6319079,-3.353744,3.7522919,3.0727587,-7.0549011,-2.5775626,-2.6751614,0.17794058,-6.9643164,-1.6501015,-2.0057333,1.1901815,4.6750584,2.1138186,5.0199795,6.0054574,-2.1317887,-0.22046039,0.049197249,-6.1139393,-6.2976952,2.8863158,4.4062462,9.0846605,1.6091739,1.6237166,-4.1076899,6.6506753,-5.8706312,-0.72919887,-0.1610558,-1.0163487
site-2_rs0051,-4.3181272,3.1243722,0.63727421,-5.8759623,-10.752563,9.4716463,-18.519241,-5.5413041,-0.069231257,-9.4667044,-6.9976201,-1.3912332,8.7617512,0.015731037,4.0424476,0.40463737,-10.0545,-2.6728399,0.16770664,-13.924479,-4.6038685,-0.49239871,8.5636644,5.1372595,-3.7093222,7.6269903,0.93720573,-3.5932758,5.1622772,3.5950778,-4.9217901,-5.4465575,1.8880652,-2.2570918
site-2_rs0052,4.82797,-6.5403137,3.7949979,-3.0059831,0.85536814,2.2591753,-0.9286359,-2.8106759,-9.353653,5.7455444,-0.47239596,-3.1286993,-3.7920506,5.8893852,2.7343702,-4.2763128,19.308651,10.148162,-2.546351,0.93139094,6.1527147,3.9784203,-3.4081786,-2.3202195,-6.7239418,-0.32461891,-2.9034836,0.56231827,-7.2737703,1.2628641,-0.25953901,-6.0021281,-1.5723841,-13.115681
site-2_rs0053,2.2890053,-9.5336189,-11.633795,-8.5925398,-3.3808641,-0.43040264,0.23450057,-7.2562256,-0.80967081,-13.289427,-0.76623714,-14.451024,1.1448178,-7.5883489,-1.3072559,-4.9790769,2.5438659,-2.9063008,6.3163671,-3.9106054,-9.3917751,-0.60899699,3.3249695,-4.2790699,0.55330801,-2.3054268,2.529022,0.7380017,-5.5685544,-3.8218842,11.458339,2.283206,1.8766437,-4.8092318
site-2_rs0054,3.4307008,-8.3605452,10.238424,-3.319329,-9.4174614,2.6062536,-4.4396729,-4.4771233,8.967514,-0.54913574,2.8874366,8.4493685,6.3076701,-5.7207789,2.5355678,-6.5946817,-7.758142,-6.5595107,6.413507,1.7989397,12.048243,4.744925,-3.4195113,-0.82877791,5.3544831,-2.6911273,-0.94631749,8.2176399,-0.71323889,-1.073854,1.4745861,6.4790449,9.0836449,-5.7199726
site-2_rs0055,9.6736841,-3.8700812,3.5000758,-10.443457,1.8824297,-3.4280734,-1.0416006,7.3363481,-3.5328834,11.270082,0.89051938,-1.818634,-2.724364,-0.58327973,9.3512096,-3.1692972,8.424221,9.4234819,3.3744938,5.558095,10.007231,10.85571,-7.5011697,-4.0880256,-1.9277161,-12.546871,-0.32522926,6.2188134,0.59399712,3.1481953,4.311461,-3.7536025,3.7601342,-3.5574315
site-2_rs0056,-1.5878451,4.6303248,9.9212284,-3.5677209,-1.7718294,3.8117969,-6.2609634,-2.8182359,0.5935179,-0.31074747,0.55131996,9.5123568,-0.76326299,0.27816901,-3.4370191,0.54387695,-2.3622532,1.5518488,-0.5016222,2.1132803,3.4871478,-4.1644125,0.047931965,1.7342112,4.0533009,5.8260593,0.57419384,4.8271623,3.8705428,3.96525,-4.6051974,4.8677125,-9.6451483,2.8775074
site-2_rs0057,1.4828715,-3.3843563,-1.1028762,3.3025513,8.031148,-9.0380278,8.3316402,1.7040747,-3.1733656,7.67026,11.928662,0.63251013,-5.7148972,3.8897684,1.4040833,1.2264612,4.5126252,0.54456943,-3.9669762,8.6761456,2.2823436,1.3893019,3.7797997,5.0637245,-4.4603415,-6.6302109,3.3296535,1.787631,-5.1267605,-12.383928,6.8341527,6.5139937,-7.1931548,3.1455364
site-2_rs0058,3.3142135,-6.5930448,-10.832727,5.9638181,9.6339531,-6.7869668,-0.41869923,-3.6804638,-2.9922884,2.2590795,-10.566719,-6.1271338,1.4368802,18.681654,6.6519885,0.23716506,-1.0508934,-13.732009,-6.7880931,-1.8924567,-8.9439869,-0.73213118,3.7822869,-8.0146427,-11.06395,-7.5553746,-2.4233682,-14.350289,-8.9290409,-2.8335042,2.7176387,6.1640363,6.3990979,-10.100924
site-2_rs0059,-5.3359642,-1.5287193,-3.8271182,-6.2420139,-0.89815664,1.4242179,0.8729167,4.9373312,7.9708109,-0.62192583,-6.7367792,-0.64909762,0.0085614249,-5.8320856,11.307688,-9.8029299,-6.8877769,-8.1244745,8.7199202,-9.1944923,2.5944824,3.4495201,8.085412,-0.031180363,10.135912,-5.2673802,-0.25674021,-7.7068987,0.75691134,4.8213501,-4.38027,-0.11890709,11.230861,-1.4337854
site-2_rs0060,-5.641396,3.7128265,0.9606517,13.730601,-1.148245,1.8286827,5.8779635,4.8937726,7.1618452,-0.13680275,7.4009209,-0.40971062,-10.428349,-3.6783562,4.8035846,-2.9515324,-9.9113178,-5.8881521,-2.1683469,-2.3628278,-1.8496766,-3.0203571,8.2919598,1.0985842,0.5140686,-1.851683,3.2363758,-8.4107428,9.8644066,-9.254591,4.465672,-3.2017388,-4.4582801,12.688521
site-2_rs0061,-0.99306911,2.2719424,1.0838633,9.1674299,1.8730396,7.0948596,3.6241047,9.1231327,5.5884924,-2.5903754,-3.5572944,2.9310176,-8.2903051,0.69380456,6.5765953,-6.8063831,-3.3883567,-8.8758907,-2.0713665,-2.1955981,-2.9909217,-1.9385632,1.8064178,4.7037144,2.9847639,1.332628,-7.7638087,-3.602304,7.6761174,2.5888963,-3.2741404,-5.6563749,-2.7344055,-1.5695913
site-2_rs0062,1.2763532,0.15733714,-5.4285126,-0.8080985,8.920763,-6.9509416,-1.8779813,0.17047551,5.2759662,0.90228713,-4.1898742,-4.8004694,5.2337832,0.91580349,-2.6500483,-3.9174037,-7.6108079,-10.014273,1.3593422,5.4653983,-3.1355312,-4.7743454,-0.64961815,-11.108539,-2.0612273,-13.244238,8.1473331,0.72162002,1.5944834,-1.1442379,3.5978363,8.5643215,-2.8742595,2.8845613
site-2_rs0063,6.2591667,-9.5784082,1.6914793,-2.989816,5.0574136,9.582612,-3.7940452,-4.3398099,-10.313494,-8.2092104,-2.0889778,-6.9796472,-2.5378795,-3.0875201,2.2682745,-14.415909,12.963301,3.1864815,-8.7033014,-3.4146125,-1.2393069,2.8890696,7.4893351,4.1913519,-7.9500761,-6.5545983,-2.5983491,-11.669955,-4.6228104,1.5318398,1.6597655,-3.3616571,-12.739456,-2.6475663
site-2_rs0064,-5.2177253,-0.16785264,0.68356889,-4.5110641,-6.8165741,1.4135836,-0.69232535,-6.3151317,-1.3916246,-1.3545989,-1.4619262,6.5508142,-3.6886842,1.6618915,-3.6695647,7.0888658,-2.7663341,-1.2699149,10.211902,-4.6066895,-3.094018,9.8420868,2.2499008,-5.1431441,-3.8902571,10.603293,-0.705019,2.9247606,0.047805063,3.4973915,-6.2082419,-7.409441,3.252336,-4.6062679
site-2_rs0065,-6.1083827,-5.6414876,2.5154777,-0.25586763,-6.1297688,-1.2039256,3.0114384,-8.7329187,4.3490806,-2.2813227,4.719759,5.758677,0.11181801,-1.227664,-1.6634986,-6.6500449,12.674871,3.486948,2.1643081,-0.028718337,-4.218699,11.144926,4.4871025,-6.437676,-14.340665,-3.4623785,2.6490006,1.8932025,-5.5583482,-1.1581942,-4.5292435,-7.4924359,1.8966379,-3.8284478
site-2_rs0066,-2.3283355,-7.4579144,-3.6475477,4.661972,0.80855304,-6.9675894,-1.0060263,-7.7793036,0.20749341,-0.42985615,-1.536064,-0.93082595,-0.76445007,12.047285,-5.3582277,-3.4411674,12.366372,8.0680122,-7.3140769,-8.2433138,-7.7903209,7.6529751,1.1606314,-4.7967553,-8.8392954,3.0079086,-0.77378839,-7.7068596,-1.0857332,6.341011,-5.8299675,-2.547178,8.0412569,-10.754193
site-2_rs0067,6.0437493,-6.8084254,-5.859055,-2.8408422,-2.70983,0.25258517,-4.7675896,-10.452141,-0.68894273,-6.044487,-1.5815338,-8.6099577,-4.1104617,-7.1430993,6.9171267,-1.6046754,-0.27926886,4.3313804,-0.19763432,-6.2202177,-4.1139197,7.6024361,7.1567502,1.9648087,4.8857746,7.1187105,-0.66618907,-10.566916,1.6186602,5.7064095,-0.50688422,-3.9511783,8.5754604,6.0032654
site-2_rs0068,-5.2480507,0.29827946,6.6627536,5.0244179,-9.4308395,6.2766395,8.4029255,0.21514517,2.9515383,-8.3955736,-0.44212383,6.5289407,8.3564768,-3.0621614,-5.461761,-6.1947632,6.0710578,-2.286598,5.727006,-1.0191346,2.8192706,11.16378,6.2625847,-5.8723497,-1.8192341,-1.3695179,-5.136025,0.70429915,3.1189368,6.5412383,-7.2288318,-12.327076,-5.2204013,-4.0216651
site-2_rs0069,-2.4570482,1.7062449,-8.7503071,-2.2203097,5.1070795,-1.5606468,-12.546569,-7.6471887,6.6316943,-9.5234613,6.2063484,-1.5446132,8.3726187,-7.7692728,-2.2629254,6.0368171,-10.166739,6.7203898,-5.0966997,-2.3363941,-15.746848,-3.4764895,5.4379005,4.1967363,-4.2590175,7.311183,3.8797436,5.9978652,-6.1283011,-3.7038114,0.81551415,2.6353569,-6.0155139,12.093534
