row_id,HP:0003119,HP:0003077,HP:0003124,HP:0003141,HP:0003233,HP:0002155,HP:6000521,HP:0031798,HP:0010874,HP:0001084,HP:0001114,HP:0000822,HP:0001677,HP:0001658,HP:0001681,HP:0002140,HP:0001712,HP:0001095,HP:0005978,HP:0003074,HP:0001513,HP:0001397,HP:0000488,HP:0012622,HP:0002099,HP:0030828,HP:0003193,HP:0000964,HP:0002094
site-1_rs2479409,0.289076,0.41922,0.172708,0.035965,0,0,0,0.438801,0.30489,0.58423,-0.074065,0,0.032932,0.08771,0.146292,0,0,0,0,0,0,0,0,0,0,0,0,0,0
site-1_rs629301,-0.382001,-0.395536,-0.727098,-0.670327,0,0,0,-0.802088,-0.633752,-0.486412,-0.227146,0,-0.280223,-0.380061,-0.333641,0,0,0,0,0,0,0,0,0,0,0,0,0,0
site-1_rs6511720,-0.409286,-0.342835,-0.793705,-0.777153,0,0,0,-0.731188,-0.802276,-0.747459,-0.552134,0,-0.215114,-0.628492,-0.182851,0,0,0,0,0,0,0,0,0,0,0,0,0,0
site-1_rs4420638,0.437439,0.53751,0.637311,0.80554,0,0,0,0.609563,1.079135,0.625614,0.589293,0,0.462882,0.527522,0.636537,0,0,0,0,0,0,0,0,0,0,0,0,0,0
site-1_rs1367117,0.038634,0.291292,0.336348,0.521994,0,0,0,0.529597,0.253766,0.369589,0.273942,0,0.47115,0.261062,-0.094713,0,0,0,0,0,0,0,0,0,0,0,0,0,0
site-1_rs12916,0.186517,0.313824,0.308123,0.190589,0,0,0,0.195256,0.388631,0.031326,0.329059,0,-0.080699,0.043453,-0.069131,0,0,0,0,0,0,0,0,0,0,0,0,0,0
site-1_rs3764261,-0.232315,0,0.11236,0,-0.915036,0,0,0,0,0,0,0,-0.410029,-0.12117,-0.342304,0,0,0,0,0,0,0,0,0,0,0,0,0,0
site-1_rs1532085,0.107603,0,-0.234395,0,-0.422025,0,0,0,0,0,0,0,-0.151172,-0.276757,-0.135208,0,0,0,0,0,0,0,0,0,0,0,0,0,0
site-1_rs12678919,-0.378069,-0.110644,0.158788,0,0,-0.622116,0,0,0,0,0,0,0,0,0,0,0,0,0,0,0,-0.188349,0,0,0,0,0,0,0
site-1_rs964184,0.273091,0.457126,0.234613,0,0,0.710694,0,0,0,0,0,0,0,0,0,0,0,0,0,0,0,0.239506,0,0,0,0,0,0,0
site-1_rs1260326,-0.16417,0.340605,-0.054556,0,0,0.347302,0,0,0,0,0,0,0,0,0,0,0,0,0,0,0,0.035875,0,0,0,0,0,0,0
site-1_rs7903146,0,0,0,0,0,0,0,0,0,0,0,0,0.317498,0.218981,0.364794,0.205353,0,0,0.730369,0.835941,0,0,0.634625,0.271896,0,0,0,0,0
site-1_rs9939609,0,0,0,0,0,0,0,0,0,0,0,0,0,0,0,0,0,0,0,0,0.428636,0.211601,0,0,0,0,0,0,0.391907
site-1_rs10455872,0.388123,0,0,0,0,0,1.037379,0,0,0,0,0,0.391701,0.758182,0.604415,0.156706,0,0,0,0,0,0,0,0,0,0,0,0,0
