row_id,PHENO_0000,PHENO_0001,PHENO_0002,PHENO_0003,PHENO_0004,PHENO_0005,PHENO_0006,PHENO_0007,PHENO_0008,PHENO_0009,PHENO_0011,PHENO_0012,PHENO_0013,PHENO_0014,PHENO_0015,PHENO_0016,PHENO_0018,PHENO_0019,PHENO_0020,PHENO_0021,PHENO_0022,PHENO_0024,PHENO_0025,PHENO_0026,PHENO_0027,PHENO_0028,PHENO_0029,PHENO_0030,PHENO_0032,PHENO_0033,PHENO_0034,PHENO_0035,PHENO_0036,PHENO_0037,PHENO_0039
site-3_p0000,1,0,1,1,1,0,0,0,0,1,0,0,1,1,1,1,0,1,0,0,0,0,0,1,0,1,0,0,0,0,0,0,0,0,1
site-3_p0001,1,0,1,0,1,1,0,0,0,0,0,1,1,0,0,0,0,1,1,1,0,0,0,0,0,0,1,0,1,0,0,0,0,0,1
site-3_p0002,0,0,0,1,0,0,0,0,0,0,1,0,1,0,0,1,0,1,1,0,1,0,0,0,0,0,1,0,0,0,0,0,0,1,1
site-3_p0003,0,0,1,1,0,0,1,0,0,0,0,0,0,0,0,0,1,0,1,1,0,0,1,0,1,1,1,0,0,1,0,0,1,0,0
site-3_p0004,0,0,0,0,0,1,0,0,1,0,0,1,0,0,0,0,1,0,0,0,0,0,1,0,0,0,0,1,0,1,0,1,1,0,1
site-3_p0005,0,0,0,1,0,1,0,0,0,1,0,1,0,0,0,1,0,1,1,1,1,0,1,0,0,0,0,0,0,1,1,1,1,0,0
site-3_p0006,1,0,0,1,0,1,0,0,1,1,0,0,1,1,0,1,0,0,1,1,1,0,0,0,1,0,1,1,0,1,0,0,0,1,0
site-3_p0007,1,0,0,0,1,0,1,0,0,0,1,0,0,1,0,0,1,1,0,0,0,1,0,1,0,0,0,1,0,1,0,0,1,0,0
site-3_p0008,0,0,0,0,0,0,0,0,0,1,1,0,0,1,1,0,0,1,1,0,1,1,0,1,0,1,1,0,0,1,1,0,0,0,0
site-3_p0009,0,0,0,1,0,0,0,1,1,1,0,1,1,0,0,0,1,0,0,1,1,0,0,1,1,0,0,1,0,0,0,0,0,1,1
site-3_p0010,1,0,0,0,1,0,0,0,1,1,1,1,1,1,1,0,0,0,1,1,1,1,0,0,0,0,0,0,0,0,0,0,0,1,0
site-3_p0011,0,0,1,0,1,1,0,0,0,0,0,0,1,1,1,1,0,0,1,0,1,0,0,0,0,0,0,1,0,1,0,0,0,1,1
site-3_p0012,0,1,0,1,1,0,0,0,0,1,0,0,1,0,0,0,0,0,1,0,0,0,0,0,1,1,1,0,1,0,1,0,0,0,0
site-3_p0013,0,0,0,0,0,1,1,1,0,1,1,0,0,1,0,0,1,0,0,0,0,1,0,1,0,0,0,1,0,1,0,1,0,1,0
site-3_p0014,0,0,1,0,0,1,1,0,0,1,0,0,0,1,0,1,1,1,1,0,0,0,1,0,0,0,0,1,0,1,1,1,0,1,0
site-3_p0015,1,0,0,1,1,0,1,0,1,0,0,0,0,0,0,0,1,0,0,0,0,1,1,0,1,0,1,0,0,1,0,0,0,0,0
site-3_p0016,1,0,0,0,1,1,0,0,0,0,1,0,0,0,0,0,1,1,0,0,0,0,1,1,0,1,0,0,0,0,1,1,1,0,0
site-3_p0017,0,1,0,1,0,1,0,1,1,1,0,1,1,0,0,1,0,0,1,0,1,1,0,0,1,1,1,0,1,0,1,0,0,0,1
site-3_p0018,0,0,1,1,0,0,1,0,1,1,1,0,1,0,0,0,0,1,1,1,1,0,0,0,1,1,0,1,0,1,0,1,0,1,0
site-3_p0019,0,1,0,1,1,1,0,0,0,0,1,1,0,1,0,0,0,1,0,0,1,1,0,1,1,0,0,0,1,1,0,1,1,0,0
site-3_p0020,1,1,0,0,1,0,0,1,1,1,1,1,0,0,1,0,0,0,0,0,0,1,0,1,1,0,0,1,0,1,0,0,0,0,1
site-3_p0021,0,1,0,1,0,0,0,1,0,0,0,1,0,0,0,1,0,0,0,1,1,0,1,1,0,1,0,0,1,0,0,0,1,0,0
site-3_p0022,1,0,1,0,0,0,0,0,0,1,0,0,0,0,1,1,0,0,1,0,0,1,1,0,1,1,1,0,0,1,0,0,1,1,0
site-3_p0023,0,1,0,1,0,0,0,0,0,0,0,0,1,0,0,0,0,1,0,0,0,1,0,1,0,0,0,0,1,0,1,0,0,0,1
site-3_p0024,0,0,1,0,1,0,0,0,0,0,1,0,0,1,0,0,0,1,0,0,1,1,0,0,0,0,0,0,0,1,0,1,0,0,0
site-3_p0025,1,0,0,1,1,0,0,1,1,0,0,0,0,0,0,1,1,0,1,0,0,0,0,0,1,1,1,1,0,0,0,1,1,1,0
site-3_p0026,0,1,0,0,1,0,0,0,0,1,0,0,1,0,1,1,0,0,1,0,1,0,0,0,0,1,0,0,0,1,1,0,0,1,0
site-3_p0027,0,0,0,0,1,1,1,1,1,0,1,0,0,0,0,0,1,0,1,0,0,0,0,1,1,1,1,0,0,1,0,0,1,1,0
site-3_p0028,0,0,0,0,1,0,0,0,0,1,0,0,1,0,1,0,0,0,0,1,1,0,1,1,0,1,0,0,1,1,1,0,0,0,0
site-3_p0029,0,0,1,0,0,1,1,0,0,1,1,0,1,0,0,0,0,0,0,1,1,1,0,0,1,0,1,0,0,1,0,0,0,1,1
site-3_p0030,0,0,0,1,0,0,0,0,0,1,0,0,1,1,1,1,1,0,0,1,0,0,1,0,0,1,0,0,1,0,1,0,0,0,0
site-3_p0031,0,1,0,0,0,0,1,1,1,1,0,1,1,1,0,0,0,0,0,1,1,0,1,0,1,0,0,1,1,0,1,0,0,1,0
site-3_p0032,1,1,0,0,1,1,0,1,0,0,0,0,0,0,0,1,1,0,0,0,0,0,1,0,1,0,0,0,1,0,0,0,1,1,1
site-3_p0033,0,1,0,0,1,0,0,0,0,0,1,0,0,1,0,0,0,1,1,0,1,1,0,1,0,1,0,0,0,0,0,1,1,1,1
site-3_p0034,0,0,0,0,0,1,0,0,1,1,0,0,0,1,0,0,0,1,0,1,1,0,0,0,1,1,0,0,0,1,0,0,0,0,1
site-3_p0035,1,0,0,1,1,1,0,1,0,0,0,0,1,0,0,0,0,0,0,0,1,0,0,0,1,0,0,1,1,0,1,1,1,1,0
site-3_p0036,0,1,0,0,0,0,1,0,1,0,0,1,0,0,0,1,1,0,1,0,0,0,1,0,0,1,1,0,1,0,1,1,0,1,0
site-3_p0037,1,0,1,0,1,0,0,1,1,0,1,1,0,1,1,0,0,1,0,0,0,1,0,0,0,0,1,0,0,1,0,1,0,0,0
site-3_p0038,0,0,1,1,0,1,0,0,1,1,0,0,1,0,0,1,0,1,0,1,1,0,0,0,0,0,0,1,0,0,0,0,0,0,1
site-3_p0039,0,0,1,1,0,0,1,0,1,0,1,1,0,0,0,1,0,1,0,0,0,1,1,0,0,0,1,0,0,0,0,1,0,0,0
site-3_p0040,0,0,0,0,1,0,0,0,1,0,1,0,0,0,1,0,0,0,1,0,0,0,0,1,1,1,1,0,1,0,1,1,0,0,0
site-3_p0041,0,1,1,0,0,1,0,1,0,0,1,0,1,1,1,0,1,1,0,1,1,0,0,1,1,0,0,0,1,0,0,1,1,1,1
site-3_p0042,0,1,0,0,0,0,1,1,1,0,1,1,1,0,1,1,0,0,1,0,1,1,1,0,1,1,0,0,1,1,1,0,1,0,0
site-3_p0043,0,0,1,0,0,1,1,1,0,1,0,1,0,0,0,1,1,0,0,1,0,0,1,0,0,0,1,1,0,1,0,1,1,0,1
site-3_p0044,1,0,1,1,1,0,0,1,1,0,0,0,0,0,1,1,0,0,1,0,0,0,1,0,1,1,0,0,1,0,1,0,1,1,0
site-3_p0045,1,0,1,0,1,0,1,0,0,1,0,1,0,0,0,0,1,1,1,0,0,1,0,0,0,0,1,0,0,0,0,1,1,0,0
site-3_p0046,0,1,1,0,0,1,0,0,0,0,1,0,0,1,1,0,0,1,0,0,0,0,1,0,1,1,0,0,0,0,0,0,0,0,1
site-3_p0047,1,0,0,0,1,0,1,1,1,0,0,1,1,1,0,0,0,0,0,0,0,1,0,1,0,0,1,1,0,1,0,0,0,0,0
site-3_p0048,1,1,0,0,1,1,0,1,0,0,0,1,1,0,0,0,1,0,0,1,0,0,0,1,0,0,0,1,1,0,0,0,0,0,0
site-3_p0049,0,0,0,1,0,0,1,0,0,0,0,0,0,0,0,0,1,1,1,1,1,0,1,0,0,1,1,0,0,0,1,0,1,0,0
site-3_p0050,0,1,0,0,0,0,0,1,1,1,0,1,1,1,1,1,1,0,0,1,0,1,0,0,0,0,0,0,0,1,0,0,0,0,1
site-3_p0051,1,1,0,0,0,1,0,1,0,0,0,0,0,1,0,0,1,1,0,1,1,0,1,1,1,1,0,0,1,0,1,0,1,1,0
site-3_p0052,0,1,1,0,0,0,1,1,1,0,0,1,0,1,0,0,0,1,0,1,1,0,1,1,0,0,1,0,0,1,0,0,0,0,1
site-3_p0053,0,0,0,1,0,1,0,0,1,1,0,0,1,1,0,0,1,1,1,1,0,0,0,1,0,0,1,1,1,0,1,1,0,0,1
site-3_p0054,0,1,0,1,0,1,0,0,1,0,0,1,0,1,0,1,0,1,0,0,1,0,1,0,0,0,0,0,1,0,1,0,0,0,1
site-3_p0055,0,0,0,1,1,0,0,0,0,1,0,1,1,0,0,1,0,0,0,0,1,1,0,0,0,1,0,0,0,1,1,0,0,0,0
site-3_p0056,0,0,0,1,1,0,0,0,0,1,1,0,1,1,1,0,0,1,0,1,1,0,0,0,1,0,1,1,0,0,0,1,0,0,0
site-3_p0057,1,0,1,0,1,0,0,1,0,0,0,0,0,1,1,1,0,0,0,0,0,0,1,1,0,0,1,1,1,0,1,0,0,1,1
site-3_p0058,1,0,0,1,1,0,0,1,0,1,0,1,0,0,0,0,1,0,0,0,0,1,1,1,0,1,1,0,0,0,1,0,0,0,0
site-3_p0059,1,0,1,0,1,1,0,0,0,0,1,0,0,1,0,0,1,1,1,0,1,1,0,0,1,0,1,0,1,0,0,1,1,0,1
site-3_p0060,0,1,1,0,0,0,0,0,0,0,1,1,1,0,0,1,1,0,0,1,0,1,1,0,0,1,0,0,1,1,1,0,1,0,0
site-3_p0061,1,0,0,1,0,1,0,1,0,1,1,1,1,0,0,0,0,0,0,1,1,1,0,0,1,0,1,1,1,0,1,1,1,0,0
site-3_p0062,1,0,1,0,1,0,1,0,1,1,0,0,0,1,0,0,1,0,0,1,1,0,1,1,1,0,0,1,0,1,0,0,0,1,0
site-3_p0063,0,1,1,1,0,0,0,1,0,0,1,1,1,0,1,0,0,0,0,0,0,0,0,0,1,1,1,0,1,0,0,0,0,0,1
site-3_p0064,1,0,1,0,0,0,0,0,0,1,0,0,0,0,1,1,1,0,0,1,0,1,1,1,0,1,1,0,0,1,1,0,0,0,0
site-3_p0065,0,0,1,0,1,0,1,0,0,0,0,1,0,0,0,0,1,0,0,1,0,0,1,1,0,0,0,1,0,1,0,1,1,0,0
site-3_p0066,1,0,1,1,1,0,0,1,1,0,0,0,1,0,0,0,0,0,0,0,0,1,1,0,1,0,1,1,0,1,0,0,1,1,0
site-3_p0067,0,1,0,1,0,0,0,1,0,0,1,0,1,0,1,1,0,0,0,0,0,0,0,0,1,0,0,1,0,0,1,0,0,0,0
site-3_p0068,0,0,0,0,1,1,0,0,1,0,1,1,0,0,0,0,1,0,0,0,0,1,0,1,1,0,0,1,1,1,0,0,0,1,1
site-3_p0069,0,0,0,1,0,0,0,0,0,1,0,0,0,0,0,0,1,1,1,1,1,1,0,0,0,0,0,1,0,1,0,0,0,0,0
site-3_p0070,0,1,1,0,0,0,1,1,0,0,0,0,0,0,0,1,0,0,0,0,1,1,1,1,0,0,0,0,0,0,0,0,0,0,0
site-3_p0071,1,0,0,0,0,0,1,0,1,1,0,0,0,1,0,0,0,1,0,0,1,1,1,0,0,0,0,0,0,1,0,0,0,0,0
site-3_p0072,0,1,0,0,1,1,0,0,1,0,0,1,1,1,0,0,1,0,0,0,0,1,0,1,0,0,0,0,1,1,0,1,1,1,1
site-3_p0073,1,0,1,1,0,1,0,1,0,0,0,1,0,0,1,1,1,0,1,0,0,1,0,0,0,0,0,1,0,0,0,0,1,1,0
site-3_p0074,0,0,1,0,0,0,1,0,1,0,1,0,0,0,0,0,1,0,1,1,1,0,0,1,1,0,0,0,0,1,0,1,0,1,0
site-3_p0075,0,1,1,0,1,0,0,0,0,0,0,1,1,0,0,1,0,0,1,0,0,0,0,0,1,0,1,1,1,0,0,1,1,1,1
site-3_p0076,0,1,0,0,0,0,0,1,0,0,0,0,0,0,0,0,1,1,0,1,0,1,1,0,1,0,0,0,0,1,0,0,1,1,0
site-3_p0077,0,0,0,1,0,1,0,0,0,0,0,1,0,1,1,0,0,1,0,0,0,0,0,0,0,0,0,0,1,0,0,0,0,0,1
site-3_p0078,0,0,1,0,0,1,0,1,0,0,1,0,0,1,1,0,0,1,1,1,1,0,0,0,0,0,0,0,1,0,0,1,0,0,0
site-3_p0079,1,1,0,0,1,0,0,0,0,0,1,0,1,1,1,0,0,0,0,0,0,0,1,1,0,1,0,0,0,1,0,0,0,0,0
site-3_p0080,0,0,1,1,0,0,1,0,1,0,0,0,1,0,1,0,0,1,0,0,0,0,1,0,0,0,0,0,0,1,0,1,1,0,1
site-3_p0081,0,0,1,0,1,0,1,0,1,0,1,1,0,0,1,0,1,0,1,1,0,0,0,1,1,0,0,1,1,1,0,1,0,0,1
site-3_p0082,1,0,0,1,0,1,0,1,0,0,0,0,0,1,0,0,1,1,0,0,0,0,1,0,0,1,1,0,1,0,0,1,1,0,0
site-3_p0083,1,1,1,0,1,0,1,0,0,0,1,1,1,0,0,0,1,1,1,0,0,1,0,0,0,1,1,0,1,1,0,0,1,0,0
site-3_p0084,0,0,0,0,1,1,0,0,1,0,0,0,0,0,1,0,0,0,1,1,1,0,0,0,1,1,0,1,0,1,0,0,0,1,0
site-3_p0085,0,1,0,1,0,1,0,0,1,0,0,1,1,0,0,0,0,0,1,1,1,0,1,0,0,1,0,0,1,0,0,0,1,1,1
site-3_p0086,1,1,0,0,1,1,0,1,0,1,0,1,0,0,0,1,0,0,1,0,0,0,0,0,1,1,1,0,0,0,0,0,0,0,0
site-3_p0087,0,0,0,1,0,1,1,0,0,1,0,0,0,0,0,0,1,0,0,0,1,1,1,0,1,0,0,0,0,0,0,0,0,1,0
site-3_p0088,1,0,0,1,0,1,0,0,0,1,1,0,0,1,1,0,0,0,0,1,0,1,0,0,1,1,0,0,0,1,0,0,1,0,0
site-3_p0089,0,1,1,0,1,1,0,1,0,0,0,1,1,0,1,1,0,0,1,0,1,0,0,0,0,0,1,1,1,1,0,0,0,1,1
site-3_p0090,0,1,0,1,0,0,0,0,0,0,0,0,1,0,0,1,1,0,0,0,0,0,0,1,0,1,0,1,0,0,0,0,0,0,1
site-3_p0091,1,0,1,1,0,1,0,1,0,0,0,1,0,0,0,0,0,0,0,0,0,0,1,0,1,0,0,0,1,1,1,0,1,0,0
site-3_p0092,1,1,0,0,1,0,0,1,0,0,0,1,0,1,1,0,0,1,0,1,1,0,1,0,1,1,1,1,0,0,1,0,1,0,0
site-3_p0093,0,0,0,1,0,0,1,0,1,1,0,0,0,1,0,0,1,1,0,0,0,1,1,1,1,0,1,1,0,1,0,1,0,0,0
site-3_p0094,0,0,0,1,0,1,1,0,1,0,0,1,1,0,0,1,0,0,0,0,0,0,0,0,1,0,0,1,0,0,0,0,0,0,1
site-3_p0095,0,0,0,1,1,1,1,0,0,0,0,0,0,1,0,0,1,1,0,0,1,1,1,1,0,0,0,0,1,0,1,0,0,0,0
site-3_p0096,0,1,1,0,0,1,0,1,0,0,1,0,0,1,1,0,0,1,0,1,1,0,1,0,0,1,0,1,0,1,0,0,0,0,1
site-3_p0097,0,1,1,0,0,0,0,1,1,0,0,1,0,0,0,1,0,1,1,0,0,0,1,0,0,0,1,1,0,0,0,1,1,0,1
site-3_p0098,1,1,0,1,0,1,0,1,0,0,0,1,1,1,0,0,0,0,0,0,1,1,0,0,0,1,0,0,1,0,0,0,1,0,1
site-3_p0099,0,1,0,0,0,1,1,0,0,0,0,1,0,1,0,0,0,1,0,0,0,1,1,0,0,0,0,1,0,1,0,0,0,0,1
site-3_p0100,1,0,0,0,1,0,0,0,0,0,1,0,1,0,0,0,1,0,0,0,0,0,0,1,0,1,1,0,1,0,1,1,0,0,0
site-3_p0101,0,0,1,0,0,0,0,0,1,0,1,0,0,0,1,1,0,0,1,0,1,0,0,1,0,1,1,0,0,0,0,1,0,1,0
site-3_p0102,0,0,0,1,0,0,0,0,0,0,1,0,0,1,0,0,0,0,0,1,1,0,0,0,0,0,0,0,0,0,1,0,0,0,0
site-3_p0103,0,0,0,1,1,0,0,1,0,1,0,0,1,1,1,0,0,0,0,0,0,1,1,0,0,0,1,0,0,1,0,0,0,0,0
site-3_p0104,0,0,0,1,0,1,1,0,0,0,1,0,0,1,0,1,1,1,0,0,1,0,1,0,0,0,0,0,0,0,0,0,0,0,1
site-3_p0105,0,0,0,1,0,1,0,0,0,0,0,0,0,0,0,1,1,0,0,0,0,1,0,0,0,0,0,0,0,1,0,0,0,1,1
site-3_p0106,1,0,1,0,0,0,0,1,0,0,0,0,0,0,1,1,1,0,0,0,0,0,1,1,0,1,0,1,1,0,1,0,0,1,1
site-3_p0107,0,0,0,1,1,1,0,0,0,0,1,0,0,0,0,0,0,0,0,0,0,0,0,0,0,1,0,0,1,0,1,0,0,0,1
site-3_p0108,0,0,0,0,0,0,0,0,0,1,0,0,0,0,0,1,1,1,1,1,0,1,1,0,0,1,0,0,0,1,0,1,0,0,1
site-3_p0109,0,1,0,0,0,0,0,1,0,1,1,0,1,0,0,0,0,0,0,0,0,0,0,0,0,1,0,1,0,1,0,1,0,1,1
