rsid,gene,trait,published_effect,unit,effect_allele_frequency,frequency_source,effect_sd_units,genetic_scale,hpo_terms_with_nonzero_effect,source
rs2479409,PCSK9,ldl,2.01,mg/dL per minor allele,0.3,"MAF, Teslovich Table 1",0.057429,4.0,HP:0003119;HP:0003077;HP:0003124;HP:0003141;HP:0031798;HP:0010874;HP:0001084;HP:0001114;HP:0001677;HP:0001658;HP:0001681,"Teslovich 2010 Nature 466:707 (PMID 20686565), Table 1; sign read from PDF text layer"
rs629301,SORT1,ldl,-5.65,mg/dL per minor allele,0.22,"MAF, Teslovich Table 1",-0.161429,4.0,HP:0003119;HP:0003077;HP:0003124;HP:0003141;HP:0031798;HP:0010874;HP:0001084;HP:0001114;HP:0001677;HP:0001658;HP:0001681,"Teslovich 2010, Table 1"
rs6511720,LDLR,ldl,-6.99,mg/dL per minor allele,0.11,"MAF, Teslovich Table 1",-0.199714,4.0,HP:0003119;HP:0003077;HP:0003124;HP:0003141;HP:0031798;HP:0010874;HP:0001084;HP:0001114;HP:0001677;HP:0001658;HP:0001681,"Teslovich 2010, Table 1"
rs4420638,APOE,ldl,7.14,mg/dL per minor allele,0.17,"MAF, Teslovich Table 1",0.204,4.0,HP:0003119;HP:0003077;HP:0003124;HP:0003141;HP:0031798;HP:0010874;HP:0001084;HP:0001114;HP:0001677;HP:0001658;HP:0001681,"Teslovich 2010, Table 1; sign read from PDF text layer"
rs1367117,APOB,ldl,4.05,mg/dL per minor allele,0.3,"MAF, Teslovich Table 1",0.115714,4.0,HP:0003119;HP:0003077;HP:0003124;HP:0003141;HP:0031798;HP:0010874;HP:0001084;HP:0001114;HP:0001677;HP:0001658;HP:0001681,"Teslovich 2010, Table 1; sign read from PDF text layer"
rs12916,HMGCR,ldl,2.84,mg/dL total cholesterol per minor allele (applied to LDL-C),0.39,"MAF, Teslovich Table 1",0.071,4.0,HP:0003119;HP:0003077;HP:0003124;HP:0003141;HP:0031798;HP:0010874;HP:0001084;HP:0001114;HP:0001677;HP:0001658;HP:0001681,"Teslovich 2010, Table 1 (lead trait TC, other trait LDL)"
rs3764261,CETP,hdl,3.39,mg/dL per minor allele,0.32,"MAF, Teslovich Table 1",0.226,4.0,HP:0003119;HP:0003124;HP:0003233;HP:0001677;HP:0001658;HP:0001681,"Teslovich 2010, Table 1; sign read from PDF text layer"
rs1532085,LIPC,hdl,1.45,mg/dL per minor allele,0.39,"MAF, Teslovich Table 1",0.096667,4.0,HP:0003119;HP:0003124;HP:0003233;HP:0001677;HP:0001658;HP:0001681,"Teslovich 2010, Table 1; sign read from PDF text layer"
rs12678919,LPL,tg,-13.64,mg/dL per minor allele,0.12,"MAF, Teslovich Table 1",-0.151556,4.0,HP:0003119;HP:0003077;HP:0003124;HP:0002155;HP:0001397,"Teslovich 2010, Table 1"
rs964184,APOA1 cluster,tg,16.95,mg/dL per minor allele,0.13,"MAF, Teslovich Table 1",0.188333,4.0,HP:0003119;HP:0003077;HP:0003124;HP:0002155;HP:0001397,"Teslovich 2010, Table 1; sign read from PDF text layer"
rs1260326,GCKR,tg,8.76,mg/dL per minor allele,0.41,"MAF, Teslovich Table 1",0.097333,4.0,HP:0003119;HP:0003077;HP:0003124;HP:0002155;HP:0001397,"Teslovich 2010, Table 1; sign read from PDF text layer"
rs7903146,TCF7L2,gly,0.378436,log-OR type 2 diabetes per T allele (OR 1.46),0.3,simulation assumption,0.208643,4.0,HP:0001677;HP:0001658;HP:0001681;HP:0002140;HP:0000819;HP:0005978;HP:0003074;HP:0000855;HP:0000488;HP:0000093;HP:0012622,"Cauchi 2007 J Mol Med 85:777 (PMID 17476472), pooled allelic OR 1.46 [1.42-1.51]"
rs9939609,FTO,bmi,0.256412,log-OR obesity per risk allele (homozygote OR 1.67 / 2),0.4,"sqrt(16% homozygous), Frayling 2007",0.141367,4.0,HP:0000855;HP:0001513;HP:0001397;HP:0002094,"Frayling 2007 Science 316:889 (PMID 17434869), abstract: homozygotes 16%, OR 1.67 for obesity"
rs10455872,LPA,lpa,0.530628,"log-OR coronary disease per copy (about 1.7), used as Lp(a) effect",0.07,simulation assumption,0.292551,4.0,HP:0003119;HP:6000521;HP:0001677;HP:0001658;HP:0001681;HP:0002140,"Clarke 2009 NEJM 361:2518 (PMID 20032323), via BlueRipple summary 'odds ratios around 1.7 to 1.9'; exact value not verified"
